Season,TeamID,RestDays,TravelDist_km
1985,1104,5,
1985,1112,5,
1985,1116,4,
1985,1120,5,
1985,1130,7,
1985,1173,5,
1985,1177,5,
1985,1181,5,
1985,1192,10,
1985,1207,5,
1985,1208,6,
1985,1210,4,
1985,1228,5,
1985,1229,9,
1985,1233,11,
1985,1234,5,
1985,1235,7,
1985,1242,8,
1985,1246,7,
1985,1250,10,
1985,1256,7,
1985,1260,5,
1985,1261,7,
1985,1267,11,
1985,1268,6,
1985,1272,5,
1985,1273,10,
1985,1275,7,
1985,1276,4,
1985,1277,5,
1985,1292,11,
1985,1298,5,
1985,1299,5,
1985,1301,5,
1985,1305,7,
1985,1314,4,
1985,1318,8,
1985,1323,5,
1985,1325,7,
1985,1326,5,
1985,1328,6,
1985,1330,11,
1985,1333,5,
1985,1335,5,
1985,1337,12,
1985,1338,7,
1985,1345,5,
1985,1361,7,
1985,1374,5,
1985,1380,5,
1985,1385,5,
1985,1393,6,
1985,1396,5,
1985,1403,4,
1985,1409,7,
1985,1412,12,
1985,1424,7,
1985,1425,5,
1985,1431,7,
1985,1433,11,
1985,1437,6,
1985,1439,7,
1985,1449,5,
1985,1455,7,
1986,1103,8,
1986,1104,5,
1986,1112,4,
1986,1114,10,
1986,1120,7,
1986,1123,5,
1986,1133,7,
1986,1135,12,
1986,1156,5,
1986,1172,11,
1986,1177,5,
1986,1180,10,
1986,1181,4,
1986,1193,12,
1986,1207,6,
1986,1210,4,
1986,1228,5,
1986,1231,5,
1986,1234,5,
1986,1235,5,
1986,1239,12,
1986,1242,5,
1986,1246,5,
1986,1257,5,
1986,1261,6,
1986,1265,7,
1986,1268,5,
1986,1272,5,
1986,1275,5,
1986,1276,5,
1986,1277,5,
1986,1281,6,
1986,1286,4,
1986,1290,4,
1986,1298,10,
1986,1299,5,
1986,1301,6,
1986,1304,6,
1986,1314,6,
1986,1318,6,
1986,1323,5,
1986,1328,6,
1986,1330,13,
1986,1337,8,
1986,1345,5,
1986,1350,11,
1986,1385,5,
1986,1386,10,
1986,1393,5,
1986,1396,12,
1986,1403,4,
1986,1409,7,
1986,1412,12,
1986,1419,7,
1986,1424,5,
1986,1428,7,
1986,1431,5,
1986,1437,6,
1986,1438,5,
1986,1439,7,
1986,1443,13,
1986,1449,5,
1986,1452,10,
1986,1462,12,
1987,1104,4,
1987,1112,6,
1987,1120,5,
1987,1122,5,
1987,1137,4,
1987,1140,5,
1987,1141,5,
1987,1155,6,
1987,1177,5,
1987,1181,6,
1987,1193,10,
1987,1196,6,
1987,1204,5,
1987,1207,4,
1987,1208,5,
1987,1210,6,
1987,1222,6,
1987,1226,5,
1987,1228,5,
1987,1231,5,
1987,1234,4,
1987,1242,4,
1987,1243,5,
1987,1246,6,
1987,1256,7,
1987,1261,4,
1987,1265,7,
1987,1267,5,
1987,1276,5,
1987,1281,4,
1987,1283,5,
1987,1292,6,
1987,1298,10,
1987,1299,5,
1987,1301,4,
1987,1309,12,
1987,1314,4,
1987,1318,5,
1987,1323,5,
1987,1326,5,
1987,1328,5,
1987,1335,12,
1987,1338,5,
1987,1344,5,
1987,1345,5,
1987,1360,11,
1987,1365,10,
1987,1380,6,
1987,1385,6,
1987,1393,4,
1987,1395,7,
1987,1396,7,
1987,1401,5,
1987,1409,8,
1987,1412,12,
1987,1417,4,
1987,1424,5,
1987,1431,5,
1987,1438,5,
1987,1443,9,
1987,1452,7,
1987,1455,10,
1987,1461,4,
1987,1462,12,
1988,1112,4,
1988,1116,5,
1988,1120,6,
1988,1124,4,
1988,1129,7,
1988,1131,6,
1988,1133,10,
1988,1140,6,
1988,1150,10,
1988,1151,11,
1988,1165,12,
1988,1177,5,
1988,1181,4,
1988,1185,7,
1988,1192,8,
1988,1196,5,
1988,1199,5,
1988,1207,6,
1988,1210,6,
1988,1228,5,
1988,1231,5,
1988,1234,5,
1988,1235,6,
1988,1242,5,
1988,1243,4,
1988,1246,4,
1988,1247,12,
1988,1250,10,
1988,1257,4,
1988,1258,10,
1988,1261,5,
1988,1268,5,
1988,1272,4,
1988,1276,5,
1988,1281,5,
1988,1283,12,
1988,1293,8,
1988,1299,12,
1988,1301,5,
1988,1314,4,
1988,1317,7,
1988,1323,5,
1988,1328,4,
1988,1333,4,
1988,1338,5,
1988,1345,5,
1988,1348,7,
1988,1350,10,
1988,1364,5,
1988,1371,5,
1988,1374,4,
1988,1380,5,
1988,1385,6,
1988,1393,4,
1988,1396,7,
1988,1424,5,
1988,1427,5,
1988,1429,4,
1988,1431,5,
1988,1435,6,
1988,1437,4,
1988,1455,11,
1988,1461,5,
1988,1462,5,
1989,1104,4,
1989,1112,4,
1989,1114,7,
1989,1116,4,
1989,1123,4,
1989,1137,10,
1989,1155,6,
1989,1161,5,
1989,1166,9,
1989,1177,5,
1989,1181,4,
1989,1190,11,
1989,1191,5,
1989,1196,4,
1989,1199,5,
1989,1206,10,
1989,1207,4,
1989,1210,6,
1989,1225,5,
1989,1228,5,
1989,1231,5,
1989,1234,5,
1989,1235,5,
1989,1243,5,
1989,1247,12,
1989,1256,11,
1989,1257,5,
1989,1258,10,
1989,1261,6,
1989,1270,10,
1989,1272,6,
1989,1276,5,
1989,1278,5,
1989,1281,4,
1989,1283,8,
1989,1292,7,
1989,1301,6,
1989,1314,4,
1989,1323,5,
1989,1328,4,
1989,1333,5,
1989,1338,5,
1989,1343,12,
1989,1344,6,
1989,1352,13,
1989,1353,9,
1989,1354,11,
1989,1371,5,
1989,1373,5,
1989,1375,10,
1989,1376,6,
1989,1380,5,
1989,1388,11,
1989,1390,4,
1989,1393,4,
1989,1397,5,
1989,1400,4,
1989,1417,5,
1989,1424,5,
1989,1431,5,
1989,1435,5,
1989,1438,5,
1989,1452,10,
1989,1462,5,
1990,1104,4,
1990,1112,4,
1990,1114,7,
1990,1116,4,
1990,1123,4,
1990,1131,7,
1990,1140,7,
1990,1143,6,
1990,1155,5,
1990,1161,7,
1990,1163,4,
1990,1164,12,
1990,1173,5,
1990,1181,5,
1990,1190,11,
1990,1207,5,
1990,1208,6,
1990,1210,4,
1990,1222,4,
1990,1225,5,
1990,1228,5,
1990,1229,10,
1990,1231,5,
1990,1242,5,
1990,1243,6,
1990,1247,10,
1990,1257,5,
1990,1258,12,
1990,1261,6,
1990,1276,4,
1990,1277,4,
1990,1278,5,
1990,1281,6,
1990,1283,9,
1990,1293,10,
1990,1308,6,
1990,1314,6,
1990,1320,8,
1990,1323,5,
1990,1326,5,
1990,1328,4,
1990,1333,6,
1990,1343,12,
1990,1344,6,
1990,1345,4,
1990,1350,10,
1990,1352,14,
1990,1364,7,
1990,1378,10,
1990,1379,5,
1990,1385,6,
1990,1393,4,
1990,1396,9,
1990,1400,5,
1990,1406,10,
1990,1411,6,
1990,1412,11,
1990,1417,4,
1990,1419,8,
1990,1424,5,
1990,1431,5,
1990,1437,5,
1990,1438,4,
1990,1462,5,
1991,1104,4,
1991,1112,5,
1991,1113,5,
1991,1116,4,
1991,1140,5,
1991,1157,11,
1991,1163,7,
1991,1166,10,
1991,1177,5,
1991,1181,4,
1991,1185,4,
1991,1190,11,
1991,1199,5,
1991,1207,4,
1991,1208,5,
1991,1209,7,
1991,1210,6,
1991,1231,4,
1991,1234,5,
1991,1242,5,
1991,1256,11,
1991,1261,6,
1991,1277,5,
1991,1280,6,
1991,1285,5,
1991,1293,10,
1991,1296,9,
1991,1301,5,
1991,1304,4,
1991,1307,7,
1991,1308,6,
1991,1309,11,
1991,1314,4,
1991,1318,7,
1991,1326,5,
1991,1329,5,
1991,1336,7,
1991,1337,10,
1991,1338,6,
1991,1343,4,
1991,1345,5,
1991,1350,10,
1991,1353,11,
1991,1371,4,
1991,1375,10,
1991,1379,7,
1991,1384,14,
1991,1385,7,
1991,1389,11,
1991,1393,6,
1991,1396,10,
1991,1400,4,
1991,1406,10,
1991,1417,4,
1991,1419,11,
1991,1424,4,
1991,1425,5,
1991,1428,5,
1991,1435,6,
1991,1437,5,
1991,1438,5,
1991,1448,6,
1991,1453,9,
1991,1462,5,
1992,1104,4,
1992,1112,5,
1992,1116,5,
1992,1140,6,
1992,1144,12,
1992,1150,4,
1992,1153,5,
1992,1163,6,
1992,1174,10,
1992,1177,6,
1992,1181,4,
1992,1183,9,
1992,1190,11,
1992,1191,5,
1992,1199,5,
1992,1200,9,
1992,1204,11,
1992,1207,4,
1992,1210,5,
1992,1222,4,
1992,1224,12,
1992,1231,4,
1992,1234,4,
1992,1235,5,
1992,1242,4,
1992,1246,4,
1992,1247,10,
1992,1257,6,
1992,1261,5,
1992,1269,7,
1992,1272,5,
1992,1275,4,
1992,1276,5,
1992,1277,4,
1992,1281,6,
1992,1283,10,
1992,1285,5,
1992,1290,19,
1992,1293,11,
1992,1304,6,
1992,1308,4,
1992,1314,4,
1992,1326,5,
1992,1328,5,
1992,1329,4,
1992,1330,10,
1992,1337,10,
1992,1343,12,
1992,1352,14,
1992,1371,5,
1992,1378,6,
1992,1385,5,
1992,1390,5,
1992,1393,4,
1992,1396,10,
1992,1400,4,
1992,1408,4,
1992,1417,5,
1992,1418,11,
1992,1419,11,
1992,1425,5,
1992,1431,6,
1992,1448,6,
1992,1452,7,
1993,1112,5,
1993,1116,5,
1993,1123,5,
1993,1129,6,
1993,1140,6,
1993,1143,5,
1993,1151,11,
1993,1153,5,
1993,1157,12,
1993,1164,12,
1993,1174,10,
1993,1181,6,
1993,1187,10,
1993,1191,5,
1993,1199,6,
1993,1203,11,
1993,1210,4,
1993,1221,8,
1993,1228,5,
1993,1231,4,
1993,1234,5,
1993,1235,5,
1993,1242,5,
1993,1243,4,
1993,1246,4,
1993,1253,4,
1993,1257,4,
1993,1261,4,
1993,1264,11,
1993,1266,7,
1993,1269,9,
1993,1272,5,
1993,1276,5,
1993,1281,4,
1993,1304,6,
1993,1307,5,
1993,1308,4,
1993,1309,9,
1993,1314,4,
1993,1329,6,
1993,1335,9,
1993,1338,6,
1993,1345,5,
1993,1348,10,
1993,1351,13,
1993,1356,10,
1993,1365,10,
1993,1371,4,
1993,1374,6,
1993,1380,5,
1993,1385,5,
1993,1396,9,
1993,1398,12,
1993,1403,4,
1993,1408,6,
1993,1417,5,
1993,1419,11,
1993,1428,6,
1993,1435,5,
1993,1438,5,
1993,1443,9,
1993,1448,6,
1993,1460,9,
1993,1462,5,
1994,1104,5,
1994,1112,5,
1994,1116,5,
1994,1129,5,
1994,1130,6,
1994,1143,5,
1994,1151,11,
1994,1153,5,
1994,1158,17,
1994,1163,5,
1994,1180,10,
1994,1181,5,
1994,1196,4,
1994,1203,10,
1994,1207,4,
1994,1218,5,
1994,1228,5,
1994,1231,5,
1994,1241,10,
1994,1242,5,
1994,1246,4,
1994,1251,11,
1994,1257,4,
1994,1259,10,
1994,1266,6,
1994,1268,6,
1994,1269,7,
1994,1276,5,
1994,1277,5,
1994,1278,8,
1994,1281,5,
1994,1298,6,
1994,1299,6,
1994,1304,4,
1994,1307,6,
1994,1308,4,
1994,1314,4,
1994,1325,7,
1994,1329,4,
1994,1335,11,
1994,1337,10,
1994,1344,4,
1994,1345,5,
1994,1351,14,
1994,1356,10,
1994,1371,5,
1994,1387,6,
1994,1393,6,
1994,1396,7,
1994,1398,12,
1994,1400,5,
1994,1402,11,
1994,1409,11,
1994,1411,4,
1994,1412,7,
1994,1416,12,
1994,1417,5,
1994,1418,10,
1994,1438,4,
1994,1443,10,
1994,1448,5,
1994,1450,5,
1994,1453,9,
1994,1458,5,
1995,1104,5,
1995,1112,5,
1995,1113,5,
1995,1116,4,
1995,1123,7,
1995,1140,7,
1995,1150,5,
1995,1151,11,
1995,1153,5,
1995,1159,6,
1995,1163,4,
1995,1180,12,
1995,1196,5,
1995,1198,12,
1995,1207,5,
1995,1211,10,
1995,1228,5,
1995,1231,4,
1995,1235,4,
1995,1242,5,
1995,1246,4,
1995,1253,4,
1995,1257,4,
1995,1264,10,
1995,1268,5,
1995,1269,7,
1995,1272,6,
1995,1275,8,
1995,1276,4,
1995,1277,5,
1995,1278,5,
1995,1280,6,
1995,1281,6,
1995,1291,14,
1995,1293,12,
1995,1299,13,
1995,1311,6,
1995,1314,4,
1995,1328,5,
1995,1329,4,
1995,1330,10,
1995,1332,5,
1995,1335,8,
1995,1345,4,
1995,1356,10,
1995,1365,12,
1995,1387,5,
1995,1389,10,
1995,1390,5,
1995,1393,6,
1995,1396,7,
1995,1400,5,
1995,1408,5,
1995,1409,10,
1995,1411,4,
1995,1417,5,
1995,1428,5,
1995,1437,4,
1995,1438,5,
1995,1443,11,
1995,1448,4,
1995,1451,5,
1995,1453,11,
1995,1462,13,
1996,1112,5,
1996,1116,5,
1996,1122,12,
1996,1130,7,
1996,1133,10,
1996,1143,5,
1996,1145,10,
1996,1153,5,
1996,1155,5,
1996,1159,8,
1996,1163,5,
1996,1180,7,
1996,1181,6,
1996,1185,5,
1996,1203,6,
1996,1207,5,
1996,1208,5,
1996,1210,4,
1996,1231,4,
1996,1234,5,
1996,1235,4,
1996,1242,4,
1996,1243,5,
1996,1246,4,
1996,1257,6,
1996,1266,5,
1996,1268,5,
1996,1269,5,
1996,1272,6,
1996,1276,5,
1996,1280,4,
1996,1284,6,
1996,1286,5,
1996,1290,5,
1996,1296,9,
1996,1307,5,
1996,1309,9,
1996,1314,6,
1996,1328,6,
1996,1336,5,
1996,1339,10,
1996,1343,5,
1996,1345,5,
1996,1354,12,
1996,1363,4,
1996,1365,12,
1996,1390,5,
1996,1393,6,
1996,1396,5,
1996,1400,5,
1996,1403,5,
1996,1409,10,
1996,1416,12,
1996,1417,5,
1996,1419,5,
1996,1422,12,
1996,1428,5,
1996,1433,10,
1996,1434,9,
1996,1437,6,
1996,1439,7,
1996,1441,11,
1996,1448,4,
1996,1453,11,
1997,1112,5,
1997,1130,5,
1997,1131,6,
1997,1139,9,
1997,1143,5,
1997,1149,12,
1997,1150,5,
1997,1151,11,
1997,1153,6,
1997,1155,6,
1997,1158,12,
1997,1160,6,
1997,1164,5,
1997,1181,6,
1997,1193,10,
1997,1207,6,
1997,1208,4,
1997,1228,5,
1997,1229,10,
1997,1231,5,
1997,1234,5,
1997,1235,5,
1997,1238,5,
1997,1242,4,
1997,1246,4,
1997,1254,7,
1997,1257,7,
1997,1266,5,
1997,1268,5,
1997,1269,7,
1997,1275,5,
1997,1278,5,
1997,1279,5,
1997,1285,5,
1997,1293,12,
1997,1298,7,
1997,1307,6,
1997,1314,4,
1997,1328,5,
1997,1330,10,
1997,1334,4,
1997,1343,9,
1997,1344,6,
1997,1345,5,
1997,1348,5,
1997,1375,9,
1997,1376,5,
1997,1386,5,
1997,1388,10,
1997,1390,5,
1997,1396,6,
1997,1400,6,
1997,1402,5,
1997,1409,6,
1997,1417,5,
1997,1425,5,
1997,1428,5,
1997,1434,9,
1997,1435,6,
1997,1437,5,
1997,1438,6,
1997,1448,5,
1997,1458,5,
1997,1462,7,
1998,1112,5,
1998,1116,5,
1998,1139,9,
1998,1150,5,
1998,1153,5,
1998,1155,5,
1998,1158,12,
1998,1163,5,
1998,1172,11,
1998,1174,5,
1998,1178,11,
1998,1181,4,
1998,1185,8,
1998,1192,10,
1998,1199,7,
1998,1203,5,
1998,1227,12,
1998,1228,5,
1998,1229,10,
1998,1231,6,
1998,1233,10,
1998,1242,4,
1998,1246,4,
1998,1268,5,
1998,1269,7,
1998,1274,8,
1998,1276,4,
1998,1277,6,
1998,1279,5,
1998,1293,11,
1998,1298,7,
1998,1304,5,
1998,1307,5,
1998,1311,5,
1998,1314,4,
1998,1319,5,
1998,1328,4,
1998,1329,6,
1998,1341,5,
1998,1343,9,
1998,1345,4,
1998,1347,12,
1998,1348,6,
1998,1350,11,
1998,1354,5,
1998,1362,10,
1998,1375,9,
1998,1376,4,
1998,1385,6,
1998,1387,7,
1998,1390,5,
1998,1393,5,
1998,1395,6,
1998,1396,6,
1998,1397,6,
1998,1417,5,
1998,1424,5,
1998,1428,7,
1998,1429,4,
1998,1434,9,
1998,1444,12,
1998,1449,5,
1998,1452,8,
1998,1462,5,
1998,3104,12,
1998,3112,6,
1998,3116,14,
1998,3155,12,
1998,3161,7,
1998,3163,10,
1998,3179,6,
1998,3181,13,
1998,3193,12,
1998,3196,13,
1998,3198,6,
1998,3203,12,
1998,3208,15,
1998,3212,6,
1998,3217,10,
1998,3218,9,
1998,3221,9,
1998,3224,6,
1998,3228,13,
1998,3234,12,
1998,3235,8,
1998,3242,6,
1998,3245,11,
1998,3251,13,
1998,3256,6,
1998,3257,11,
1998,3263,6,
1998,3266,12,
1998,3269,11,
1998,3272,11,
1998,3274,11,
1998,3276,12,
1998,3283,6,
1998,3285,7,
1998,3292,12,
1998,3301,14,
1998,3304,9,
1998,3307,6,
1998,3314,12,
1998,3323,11,
1998,3330,12,
1998,3332,6,
1998,3345,11,
1998,3353,10,
1998,3364,6,
1998,3365,12,
1998,3372,6,
1998,3374,9,
1998,3384,6,
1998,3390,6,
1998,3397,12,
1998,3403,6,
1998,3408,13,
1998,3417,6,
1998,3422,12,
1998,3428,9,
1998,3435,13,
1998,3438,14,
1998,3439,11,
1998,3443,6,
1998,3449,6,
1998,3453,6,
1998,3458,13,
1998,3464,10,
1999,1108,4,
1999,1112,5,
1999,1116,4,
1999,1117,9,
1999,1120,5,
1999,1150,5,
1999,1153,6,
1999,1158,11,
1999,1163,5,
1999,1166,10,
1999,1174,5,
1999,1178,9,
1999,1181,4,
1999,1191,10,
1999,1196,6,
1999,1197,5,
1999,1203,6,
1999,1206,11,
1999,1211,10,
1999,1231,6,
1999,1234,6,
1999,1242,4,
1999,1245,8,
1999,1246,4,
1999,1248,6,
1999,1257,5,
1999,1268,5,
1999,1274,6,
1999,1275,8,
1999,1277,4,
1999,1278,7,
1999,1279,6,
1999,1281,6,
1999,1283,11,
1999,1291,10,
1999,1293,11,
1999,1307,5,
1999,1308,5,
1999,1314,4,
1999,1326,5,
1999,1328,6,
1999,1329,4,
1999,1335,9,
1999,1345,7,
1999,1348,5,
1999,1359,12,
1999,1373,10,
1999,1385,5,
1999,1390,5,
1999,1393,6,
1999,1396,5,
1999,1397,6,
1999,1400,5,
1999,1409,6,
1999,1412,6,
1999,1417,5,
1999,1427,5,
1999,1428,5,
1999,1434,9,
1999,1437,7,
1999,1449,5,
1999,1451,5,
1999,1457,12,
1999,1458,5,
1999,3104,13,
1999,3111,13,
1999,3112,6,
1999,3120,14,
1999,3130,12,
1999,3153,11,
1999,3155,11,
1999,3161,6,
1999,3163,10,
1999,3169,6,
1999,3171,6,
1999,3181,12,
1999,3191,6,
1999,3196,14,
1999,3197,6,
1999,3198,6,
1999,3208,12,
1999,3212,6,
1999,3221,9,
1999,3228,11,
1999,3235,6,
1999,3242,8,
1999,3246,13,
1999,3251,13,
1999,3256,6,
1999,3257,12,
1999,3261,14,
1999,3263,6,
1999,3266,12,
1999,3280,14,
1999,3283,7,
1999,3301,13,
1999,3304,8,
1999,3314,11,
1999,3318,6,
1999,3323,10,
1999,3326,12,
1999,3330,6,
1999,3331,10,
1999,3332,6,
1999,3336,12,
1999,3345,11,
1999,3353,11,
1999,3364,6,
1999,3365,14,
1999,3372,6,
1999,3374,6,
1999,3384,11,
1999,3386,11,
1999,3388,12,
1999,3389,12,
1999,3390,6,
1999,3397,12,
1999,3399,12,
1999,3400,9,
1999,3403,6,
1999,3405,11,
1999,3408,11,
1999,3416,6,
1999,3417,6,
1999,3438,12,
1999,3439,12,
1999,3453,6,
1999,3462,11,
2000,1111,11,
2000,1112,5,
2000,1116,4,
2000,1120,4,
2000,1123,8,
2000,1139,10,
2000,1148,11,
2000,1153,7,
2000,1163,5,
2000,1166,10,
2000,1173,6,
2000,1177,5,
2000,1181,4,
2000,1196,6,
2000,1201,5,
2000,1211,10,
2000,1220,5,
2000,1228,4,
2000,1231,6,
2000,1232,11,
2000,1233,10,
2000,1235,4,
2000,1238,5,
2000,1242,6,
2000,1246,6,
2000,1248,6,
2000,1249,5,
2000,1257,7,
2000,1261,5,
2000,1268,4,
2000,1274,6,
2000,1277,4,
2000,1281,6,
2000,1314,6,
2000,1319,5,
2000,1326,6,
2000,1328,4,
2000,1329,5,
2000,1332,5,
2000,1335,9,
2000,1337,10,
2000,1345,6,
2000,1354,5,
2000,1359,12,
2000,1369,11,
2000,1371,7,
2000,1382,5,
2000,1385,5,
2000,1387,5,
2000,1390,5,
2000,1393,7,
2000,1396,5,
2000,1397,6,
2000,1400,5,
2000,1409,5,
2000,1417,5,
2000,1418,9,
2000,1423,10,
2000,1424,5,
2000,1428,6,
2000,1429,5,
2000,1434,9,
2000,1457,12,
2000,1458,5,
2000,3108,6,
2000,3112,6,
2000,3120,14,
2000,3130,11,
2000,3140,6,
2000,3144,6,
2000,3155,13,
2000,3163,10,
2000,3171,10,
2000,3179,6,
2000,3181,11,
2000,3202,12,
2000,3203,11,
2000,3208,13,
2000,3214,6,
2000,3221,9,
2000,3228,13,
2000,3235,6,
2000,3242,9,
2000,3245,13,
2000,3251,13,
2000,3256,6,
2000,3261,14,
2000,3263,6,
2000,3266,13,
2000,3276,13,
2000,3280,12,
2000,3283,6,
2000,3285,6,
2000,3301,13,
2000,3304,8,
2000,3314,11,
2000,3323,11,
2000,3328,9,
2000,3330,6,
2000,3332,7,
2000,3336,12,
2000,3337,12,
2000,3345,12,
2000,3349,6,
2000,3353,10,
2000,3360,12,
2000,3364,6,
2000,3372,6,
2000,3374,6,
2000,3384,11,
2000,3386,12,
2000,3389,12,
2000,3390,6,
2000,3397,12,
2000,3399,12,
2000,3400,6,
2000,3403,8,
2000,3408,11,
2000,3412,11,
2000,3417,6,
2000,3428,6,
2000,3435,13,
2000,3436,6,
2000,3438,12,
2000,3443,6,
2000,3453,6,
2000,3462,11,
2000,3464,10,
2001,1106,3,
2001,1112,3,
2001,1116,3,
2001,1130,3,
2001,1139,7,
2001,1140,3,
2001,1143,3,
2001,1150,3,
2001,1153,3,
2001,1166,9,
2001,1169,3,
2001,1181,2,
2001,1183,10,
2001,1196,3,
2001,1201,4,
2001,1206,8,
2001,1207,5,
2001,1208,5,
2001,1209,10,
2001,1210,3,
2001,1211,8,
2001,1214,3,
2001,1218,3,
2001,1220,3,
2001,1221,4,
2001,1228,3,
2001,1231,2,
2001,1232,8,
2001,1233,8,
2001,1234,2,
2001,1235,4,
2001,1242,3,
2001,1245,3,
2001,1246,2,
2001,1268,3,
2001,1277,4,
2001,1279,2,
2001,1281,4,
2001,1284,8,
2001,1314,2,
2001,1322,3,
2001,1323,5,
2001,1326,4,
2001,1328,2,
2001,1329,4,
2001,1336,3,
2001,1343,7,
2001,1344,5,
2001,1381,7,
2001,1386,4,
2001,1390,3,
2001,1393,4,
2001,1396,3,
2001,1397,4,
2001,1400,2,
2001,1417,3,
2001,1422,9,
2001,1425,3,
2001,1429,3,
2001,1438,4,
2001,1443,7,
2001,1448,4,
2001,1457,10,
2001,1458,4,
2001,1462,5,
2001,3108,6,
2001,3113,6,
2001,3116,13,
2001,3122,13,
2001,3124,9,
2001,3151,12,
2001,3155,12,
2001,3160,8,
2001,3161,6,
2001,3163,10,
2001,3174,6,
2001,3176,10,
2001,3179,6,
2001,3181,11,
2001,3193,12,
2001,3196,14,
2001,3199,12,
2001,3203,11,
2001,3208,12,
2001,3209,6,
2001,3221,8,
2001,3224,6,
2001,3226,6,
2001,3234,12,
2001,3235,6,
2001,3251,13,
2001,3254,12,
2001,3256,10,
2001,3257,13,
2001,3261,14,
2001,3268,13,
2001,3276,13,
2001,3281,9,
2001,3283,6,
2001,3301,11,
2001,3323,10,
2001,3328,6,
2001,3330,6,
2001,3331,10,
2001,3332,6,
2001,3335,13,
2001,3336,14,
2001,3345,12,
2001,3353,11,
2001,3364,6,
2001,3372,6,
2001,3373,12,
2001,3388,12,
2001,3390,6,
2001,3395,6,
2001,3397,13,
2001,3400,9,
2001,3403,8,
2001,3405,6,
2001,3408,11,
2001,3428,7,
2001,3435,12,
2001,3437,12,
2001,3438,13,
2001,3439,11,
2001,3449,6,
2001,3454,6,
2001,3458,14,
2001,3462,11,
2002,1104,2,
2002,1108,3,
2002,1112,3,
2002,1130,5,
2002,1131,3,
2002,1143,4,
2002,1148,6,
2002,1150,4,
2002,1153,3,
2002,1163,3,
2002,1166,8,
2002,1172,9,
2002,1181,2,
2002,1194,10,
2002,1196,4,
2002,1208,4,
2002,1211,8,
2002,1214,3,
2002,1218,3,
2002,1221,4,
2002,1227,7,
2002,1228,3,
2002,1231,3,
2002,1242,2,
2002,1245,3,
2002,1246,4,
2002,1266,3,
2002,1268,3,
2002,1270,3,
2002,1274,4,
2002,1277,4,
2002,1279,5,
2002,1280,2,
2002,1281,4,
2002,1285,3,
2002,1293,10,
2002,1301,2,
2002,1323,4,
2002,1326,2,
2002,1328,2,
2002,1329,4,
2002,1332,4,
2002,1335,3,
2002,1337,8,
2002,1338,3,
2002,1356,8,
2002,1361,3,
2002,1364,3,
2002,1373,8,
2002,1385,5,
2002,1390,5,
2002,1400,3,
2002,1403,3,
2002,1409,3,
2002,1417,5,
2002,1423,8,
2002,1425,3,
2002,1428,4,
2002,1434,7,
2002,1443,7,
2002,1448,3,
2002,1457,10,
2002,1458,4,
2002,1461,4,
2002,1462,3,
2002,3113,11,
2002,3116,13,
2002,3122,12,
2002,3124,6,
2002,3130,10,
2002,3137,9,
2002,3140,6,
2002,3151,12,
2002,3153,11,
2002,3155,13,
2002,3160,9,
2002,3161,7,
2002,3163,10,
2002,3166,6,
2002,3179,6,
2002,3181,11,
2002,3196,15,
2002,3198,10,
2002,3208,14,
2002,3209,6,
2002,3216,6,
2002,3217,10,
2002,3231,11,
2002,3234,14,
2002,3235,8,
2002,3243,8,
2002,3245,6,
2002,3251,13,
2002,3256,6,
2002,3261,12,
2002,3278,14,
2002,3280,15,
2002,3307,7,
2002,3313,6,
2002,3314,11,
2002,3323,12,
2002,3324,10,
2002,3328,6,
2002,3330,6,
2002,3336,11,
2002,3337,12,
2002,3345,12,
2002,3364,6,
2002,3365,12,
2002,3372,6,
2002,3376,14,
2002,3380,6,
2002,3384,6,
2002,3389,12,
2002,3390,11,
2002,3393,11,
2002,3395,12,
2002,3396,11,
2002,3397,13,
2002,3400,9,
2002,3403,9,
2002,3408,11,
2002,3424,6,
2002,3435,12,
2002,3437,11,
2002,3438,12,
2002,3451,6,
2002,3453,12,
2002,3458,12,
2003,1104,5,
2003,1112,5,
2003,1113,5,
2003,1120,3,
2003,1122,10,
2003,1139,7,
2003,1140,4,
2003,1141,3,
2003,1143,4,
2003,1153,6,
2003,1160,4,
2003,1161,3,
2003,1163,3,
2003,1166,8,
2003,1173,3,
2003,1181,2,
2003,1190,10,
2003,1196,4,
2003,1211,8,
2003,1221,4,
2003,1228,2,
2003,1231,3,
2003,1237,7,
2003,1242,3,
2003,1246,2,
2003,1257,3,
2003,1261,3,
2003,1264,8,
2003,1266,5,
2003,1268,4,
2003,1272,4,
2003,1277,3,
2003,1280,2,
2003,1281,2,
2003,1301,2,
2003,1323,6,
2003,1328,2,
2003,1329,4,
2003,1332,3,
2003,1335,7,
2003,1338,3,
2003,1345,4,
2003,1354,3,
2003,1356,8,
2003,1358,4,
2003,1360,8,
2003,1386,4,
2003,1390,5,
2003,1393,4,
2003,1400,4,
2003,1407,10,
2003,1409,3,
2003,1411,3,
2003,1421,10,
2003,1423,8,
2003,1428,4,
2003,1429,3,
2003,1436,3,
2003,1443,7,
2003,1447,6,
2003,1448,3,
2003,1451,6,
2003,1454,7,
2003,1458,4,
2003,1462,4,
2003,3106,7,
2003,3112,12,
2003,3116,15,
2003,3122,14,
2003,3130,13,
2003,3131,7,
2003,3140,7,
2003,3150,14,
2003,3151,14,
2003,3153,13,
2003,3160,9,
2003,3163,11,
2003,3177,14,
2003,3181,12,
2003,3203,12,
2003,3208,15,
2003,3209,7,
2003,3210,13,
2003,3214,7,
2003,3217,14,
2003,3221,10,
2003,3228,16,
2003,3243,9,
2003,3251,13,
2003,3256,7,
2003,3261,13,
2003,3264,13,
2003,3274,12,
2003,3277,15,
2003,3278,15,
2003,3280,14,
2003,3283,7,
2003,3307,7,
2003,3314,12,
2003,3323,13,
2003,3326,12,
2003,3328,10,
2003,3330,7,
2003,3336,13,
2003,3337,13,
2003,3345,12,
2003,3353,13,
2003,3364,7,
2003,3376,15,
2003,3384,7,
2003,3390,12,
2003,3395,13,
2003,3397,13,
2003,3400,7,
2003,3402,7,
2003,3403,7,
2003,3408,15,
2003,3428,8,
2003,3434,11,
2003,3435,14,
2003,3437,11,
2003,3438,13,
2003,3439,12,
2003,3443,11,
2003,3444,7,
2003,3449,13,
2003,3451,7,
2003,3453,13,
2003,3462,14,
2004,1102,5,
2004,1104,4,
2004,1106,3,
2004,1112,4,
2004,1130,4,
2004,1140,4,
2004,1150,5,
2004,1153,3,
2004,1163,3,
2004,1173,3,
2004,1177,3,
2004,1181,2,
2004,1186,6,
2004,1190,10,
2004,1196,2,
2004,1197,3,
2004,1210,3,
2004,1211,8,
2004,1227,7,
2004,1228,2,
2004,1242,3,
2004,1246,2,
2004,1250,2,
2004,1251,10,
2004,1257,5,
2004,1264,8,
2004,1268,2,
2004,1272,5,
2004,1277,3,
2004,1280,4,
2004,1284,6,
2004,1293,10,
2004,1301,3,
2004,1305,3,
2004,1314,4,
2004,1320,8,
2004,1329,2,
2004,1334,3,
2004,1338,3,
2004,1343,7,
2004,1344,5,
2004,1350,4,
2004,1356,9,
2004,1371,6,
2004,1376,3,
2004,1386,5,
2004,1390,3,
2004,1393,5,
2004,1400,2,
2004,1403,3,
2004,1412,4,
2004,1416,10,
2004,1418,7,
2004,1427,4,
2004,1428,3,
2004,1431,3,
2004,1433,8,
2004,1434,7,
2004,1435,3,
2004,1436,3,
2004,1444,3,
2004,1448,4,
2004,1449,3,
2004,1458,2,
2004,1462,3,
2004,3112,12,
2004,3120,15,
2004,3122,14,
2004,3124,9,
2004,3130,11,
2004,3151,14,
2004,3159,10,
2004,3160,10,
2004,3163,12,
2004,3177,15,
2004,3181,12,
2004,3185,7,
2004,3196,15,
2004,3203,13,
2004,3208,13,
2004,3214,7,
2004,3222,13,
2004,3234,15,
2004,3243,9,
2004,3251,7,
2004,3252,7,
2004,3256,7,
2004,3258,13,
2004,3261,14,
2004,3263,7,
2004,3265,13,
2004,3266,14,
2004,3268,13,
2004,3274,13,
2004,3277,13,
2004,3278,15,
2004,3279,15,
2004,3281,10,
2004,3283,7,
2004,3285,7,
2004,3292,11,
2004,3301,13,
2004,3307,7,
2004,3314,12,
2004,3322,7,
2004,3323,13,
2004,3326,13,
2004,3328,7,
2004,3330,7,
2004,3335,14,
2004,3336,12,
2004,3345,12,
2004,3353,11,
2004,3364,7,
2004,3380,7,
2004,3384,7,
2004,3390,12,
2004,3395,13,
2004,3396,12,
2004,3397,14,
2004,3400,7,
2004,3403,10,
2004,3417,13,
2004,3434,11,
2004,3435,13,
2004,3437,13,
2004,3439,13,
2004,3452,12,
2004,3453,12,
2005,1104,3,
2005,1105,2,
2005,1112,3,
2005,1130,5,
2005,1137,4,
2005,1150,5,
2005,1151,10,
2005,1153,5,
2005,1163,4,
2005,1166,8,
2005,1175,3,
2005,1181,2,
2005,1184,10,
2005,1192,6,
2005,1196,2,
2005,1203,3,
2005,1210,2,
2005,1211,8,
2005,1228,2,
2005,1234,3,
2005,1235,4,
2005,1242,3,
2005,1246,2,
2005,1257,3,
2005,1261,3,
2005,1277,4,
2005,1278,3,
2005,1280,4,
2005,1285,6,
2005,1301,3,
2005,1305,5,
2005,1307,3,
2005,1310,8,
2005,1314,3,
2005,1320,10,
2005,1324,7,
2005,1325,3,
2005,1328,3,
2005,1329,2,
2005,1330,8,
2005,1334,3,
2005,1335,7,
2005,1338,5,
2005,1356,9,
2005,1368,2,
2005,1388,8,
2005,1390,4,
2005,1393,3,
2005,1400,5,
2005,1403,2,
2005,1412,4,
2005,1416,10,
2005,1417,5,
2005,1418,7,
2005,1428,3,
2005,1429,3,
2005,1431,3,
2005,1436,3,
2005,1437,4,
2005,1448,4,
2005,1449,3,
2005,1452,3,
2005,1454,7,
2005,1457,10,
2005,1458,2,
2005,3108,7,
2005,3112,14,
2005,3113,12,
2005,3124,7,
2005,3130,13,
2005,3132,7,
2005,3145,13,
2005,3163,11,
2005,3164,7,
2005,3171,7,
2005,3177,14,
2005,3181,12,
2005,3184,14,
2005,3199,14,
2005,3203,12,
2005,3208,14,
2005,3216,7,
2005,3221,10,
2005,3222,14,
2005,3229,7,
2005,3235,10,
2005,3243,7,
2005,3251,7,
2005,3256,7,
2005,3257,13,
2005,3261,13,
2005,3268,13,
2005,3277,12,
2005,3278,12,
2005,3279,15,
2005,3285,7,
2005,3292,11,
2005,3301,14,
2005,3307,7,
2005,3314,12,
2005,3323,12,
2005,3326,13,
2005,3328,10,
2005,3330,7,
2005,3331,11,
2005,3332,13,
2005,3336,13,
2005,3345,15,
2005,3349,7,
2005,3350,13,
2005,3353,11,
2005,3364,7,
2005,3365,13,
2005,3384,7,
2005,3390,12,
2005,3391,7,
2005,3395,13,
2005,3396,12,
2005,3397,13,
2005,3400,9,
2005,3403,9,
2005,3425,13,
2005,3426,7,
2005,3428,7,
2005,3435,14,
2005,3438,13,
2005,3439,15,
2005,3441,14,
2005,3453,12,
2006,1102,5,
2006,1104,4,
2006,1107,3,
2006,1112,4,
2006,1116,4,
2006,1125,10,
2006,1130,2,
2006,1133,9,
2006,1137,4,
2006,1143,3,
2006,1163,5,
2006,1172,9,
2006,1181,2,
2006,1196,2,
2006,1203,5,
2006,1206,9,
2006,1207,4,
2006,1211,8,
2006,1214,3,
2006,1228,4,
2006,1231,3,
2006,1233,8,
2006,1234,2,
2006,1242,2,
2006,1245,3,
2006,1246,3,
2006,1261,3,
2006,1266,5,
2006,1272,3,
2006,1277,3,
2006,1284,6,
2006,1285,6,
2006,1293,10,
2006,1301,4,
2006,1305,3,
2006,1314,3,
2006,1320,10,
2006,1322,2,
2006,1326,2,
2006,1328,4,
2006,1331,7,
2006,1334,3,
2006,1335,7,
2006,1338,3,
2006,1356,9,
2006,1361,3,
2006,1371,6,
2006,1375,7,
2006,1380,3,
2006,1393,3,
2006,1397,4,
2006,1400,2,
2006,1401,3,
2006,1412,3,
2006,1417,3,
2006,1423,8,
2006,1429,3,
2006,1437,4,
2006,1449,5,
2006,1452,5,
2006,1454,7,
2006,1455,10,
2006,1457,10,
2006,1458,4,
2006,1462,3,
2006,3113,13,
2006,3119,10,
2006,3124,7,
2006,3130,16,
2006,3132,7,
2006,3140,7,
2006,3143,14,
2006,3151,13,
2006,3163,11,
2006,3164,7,
2006,3171,6,
2006,3177,12,
2006,3181,14,
2006,3194,7,
2006,3196,15,
2006,3199,15,
2006,3203,12,
2006,3208,14,
2006,3216,6,
2006,3234,15,
2006,3246,14,
2006,3251,7,
2006,3256,7,
2006,3257,14,
2006,3261,13,
2006,3265,13,
2006,3268,13,
2006,3277,13,
2006,3278,15,
2006,3281,9,
2006,3283,6,
2006,3292,11,
2006,3301,14,
2006,3307,10,
2006,3314,13,
2006,3319,7,
2006,3323,13,
2006,3324,11,
2006,3326,12,
2006,3328,7,
2006,3330,7,
2006,3337,13,
2006,3345,12,
2006,3353,12,
2006,3357,7,
2006,3369,14,
2006,3372,7,
2006,3378,14,
2006,3380,7,
2006,3385,13,
2006,3390,12,
2006,3395,8,
2006,3396,12,
2006,3397,13,
2006,3401,9,
2006,3409,13,
2006,3415,7,
2006,3417,12,
2006,3425,13,
2006,3428,7,
2006,3435,15,
2006,3439,15,
2006,3449,14,
2006,3454,12,
2007,1107,3,
2007,1112,5,
2007,1116,2,
2007,1125,10,
2007,1130,3,
2007,1139,7,
2007,1140,3,
2007,1148,6,
2007,1166,9,
2007,1172,10,
2007,1181,5,
2007,1184,10,
2007,1196,2,
2007,1197,3,
2007,1203,3,
2007,1207,3,
2007,1210,5,
2007,1211,8,
2007,1221,4,
2007,1228,3,
2007,1231,4,
2007,1238,3,
2007,1242,2,
2007,1246,4,
2007,1253,3,
2007,1257,4,
2007,1266,5,
2007,1268,5,
2007,1272,3,
2007,1275,3,
2007,1277,4,
2007,1305,4,
2007,1308,3,
2007,1310,8,
2007,1314,2,
2007,1317,7,
2007,1323,4,
2007,1326,2,
2007,1330,9,
2007,1331,7,
2007,1332,3,
2007,1335,7,
2007,1338,3,
2007,1345,3,
2007,1356,9,
2007,1390,5,
2007,1394,2,
2007,1397,5,
2007,1400,2,
2007,1401,4,
2007,1403,4,
2007,1417,5,
2007,1424,3,
2007,1425,3,
2007,1433,8,
2007,1435,4,
2007,1437,5,
2007,1438,4,
2007,1439,3,
2007,1450,4,
2007,1451,6,
2007,1457,10,
2007,1458,2,
2007,1460,7,
2007,1462,4,
2007,3113,12,
2007,3124,9,
2007,3125,7,
2007,3129,7,
2007,3132,7,
2007,3140,7,
2007,3143,13,
2007,3151,14,
2007,3163,11,
2007,3174,7,
2007,3175,7,
2007,3177,13,
2007,3179,6,
2007,3181,14,
2007,3187,13,
2007,3199,15,
2007,3203,13,
2007,3208,14,
2007,3210,15,
2007,3211,13,
2007,3217,11,
2007,3221,10,
2007,3226,7,
2007,3235,7,
2007,3241,6,
2007,3257,12,
2007,3261,13,
2007,3265,13,
2007,3266,12,
2007,3268,14,
2007,3277,13,
2007,3279,15,
2007,3292,11,
2007,3301,13,
2007,3304,10,
2007,3307,7,
2007,3314,13,
2007,3323,14,
2007,3326,12,
2007,3328,7,
2007,3329,11,
2007,3330,6,
2007,3331,11,
2007,3338,13,
2007,3341,7,
2007,3345,12,
2007,3352,7,
2007,3353,11,
2007,3369,14,
2007,3390,12,
2007,3395,10,
2007,3396,13,
2007,3397,14,
2007,3401,9,
2007,3415,7,
2007,3418,11,
2007,3420,6,
2007,3421,7,
2007,3426,7,
2007,3435,13,
2007,3449,14,
2007,3452,13,
2007,3453,6,
2007,3462,12,
2008,1110,4,
2008,1112,5,
2008,1116,2,
2008,1122,10,
2008,1124,5,
2008,1125,10,
2008,1129,3,
2008,1139,7,
2008,1140,3,
2008,1155,2,
2008,1163,5,
2008,1164,3,
2008,1165,10,
2008,1168,3,
2008,1172,8,
2008,1179,9,
2008,1181,3,
2008,1206,8,
2008,1207,3,
2008,1208,2,
2008,1211,8,
2008,1231,4,
2008,1242,2,
2008,1243,4,
2008,1245,3,
2008,1246,4,
2008,1257,5,
2008,1266,4,
2008,1272,3,
2008,1274,4,
2008,1277,3,
2008,1280,3,
2008,1290,3,
2008,1291,6,
2008,1314,2,
2008,1323,5,
2008,1328,3,
2008,1331,7,
2008,1332,5,
2008,1338,3,
2008,1340,6,
2008,1345,4,
2008,1360,8,
2008,1373,8,
2008,1375,8,
2008,1386,3,
2008,1388,9,
2008,1390,3,
2008,1396,3,
2008,1397,3,
2008,1400,2,
2008,1401,3,
2008,1417,3,
2008,1420,3,
2008,1424,3,
2008,1425,4,
2008,1426,2,
2008,1435,4,
2008,1437,5,
2008,1443,7,
2008,1450,4,
2008,1452,4,
2008,1457,10,
2008,1458,2,
2008,1462,4,
2008,3113,13,
2008,3120,15,
2008,3124,10,
2008,3137,10,
2008,3143,12,
2008,3151,12,
2008,3156,6,
2008,3163,11,
2008,3164,7,
2008,3165,6,
2008,3177,13,
2008,3181,13,
2008,3190,14,
2008,3199,15,
2008,3201,7,
2008,3203,13,
2008,3208,15,
2008,3210,15,
2008,3216,6,
2008,3229,6,
2008,3234,14,
2008,3235,9,
2008,3238,7,
2008,3243,10,
2008,3251,6,
2008,3257,11,
2008,3261,13,
2008,3265,13,
2008,3268,14,
2008,3275,7,
2008,3278,15,
2008,3285,7,
2008,3293,14,
2008,3304,11,
2008,3307,7,
2008,3314,13,
2008,3323,13,
2008,3326,15,
2008,3328,11,
2008,3329,7,
2008,3330,6,
2008,3331,11,
2008,3338,12,
2008,3345,13,
2008,3352,6,
2008,3353,13,
2008,3360,13,
2008,3364,7,
2008,3374,13,
2008,3390,12,
2008,3393,14,
2008,3396,12,
2008,3397,13,
2008,3400,9,
2008,3401,7,
2008,3427,7,
2008,3428,10,
2008,3431,13,
2008,3435,14,
2008,3438,14,
2008,3443,11,
2008,3452,12,
2008,3461,9,
2008,3462,12,
2009,1103,3,
2009,1106,3,
2009,1110,4,
2009,1112,5,
2009,1113,3,
2009,1127,3,
2009,1130,4,
2009,1139,7,
2009,1140,4,
2009,1143,5,
2009,1151,8,
2009,1155,5,
2009,1156,7,
2009,1163,5,
2009,1165,10,
2009,1169,2,
2009,1173,4,
2009,1181,2,
2009,1190,10,
2009,1199,2,
2009,1211,8,
2009,1228,3,
2009,1242,5,
2009,1257,3,
2009,1261,3,
2009,1266,5,
2009,1268,3,
2009,1272,3,
2009,1276,4,
2009,1277,3,
2009,1278,4,
2009,1280,2,
2009,1281,3,
2009,1287,10,
2009,1288,3,
2009,1295,7,
2009,1314,3,
2009,1320,9,
2009,1326,2,
2009,1328,5,
2009,1329,4,
2009,1338,5,
2009,1340,6,
2009,1345,2,
2009,1347,10,
2009,1352,6,
2009,1372,2,
2009,1373,8,
2009,1393,3,
2009,1396,3,
2009,1397,2,
2009,1400,4,
2009,1401,6,
2009,1417,4,
2009,1425,3,
2009,1428,3,
2009,1429,3,
2009,1433,8,
2009,1437,4,
2009,1443,7,
2009,1448,4,
2009,1449,4,
2009,1452,4,
2009,1458,4,
2009,1462,4,
2009,3113,8,
2009,3120,13,
2009,3122,14,
2009,3123,6,
2009,3124,6,
2009,3143,7,
2009,3150,12,
2009,3163,11,
2009,3171,11,
2009,3177,13,
2009,3180,6,
2009,3181,13,
2009,3190,14,
2009,3191,6,
2009,3196,15,
2009,3199,14,
2009,3201,7,
2009,3208,15,
2009,3210,16,
2009,3211,12,
2009,3234,14,
2009,3235,7,
2009,3243,8,
2009,3250,10,
2009,3251,6,
2009,3257,11,
2009,3261,14,
2009,3265,13,
2009,3268,13,
2009,3277,15,
2009,3278,15,
2009,3280,15,
2009,3285,7,
2009,3292,11,
2009,3299,7,
2009,3314,14,
2009,3323,13,
2009,3326,13,
2009,3328,7,
2009,3338,12,
2009,3341,7,
2009,3345,13,
2009,3353,13,
2009,3355,11,
2009,3357,6,
2009,3361,7,
2009,3364,7,
2009,3390,6,
2009,3395,10,
2009,3396,13,
2009,3397,14,
2009,3400,8,
2009,3401,6,
2009,3416,13,
2009,3427,7,
2009,3428,7,
2009,3433,7,
2009,3435,13,
2009,3436,6,
2009,3437,12,
2009,3438,15,
2009,3441,12,
2009,3453,6,
2009,3462,14,
2010,1115,3,926.9
2010,1124,4,698.7
2010,1139,7,3098.4
2010,1140,4,1347.7
2010,1143,3,3801.5
2010,1155,5,974.0
2010,1165,10,1421.5
2010,1181,2,680.6
2010,1190,10,1007.7
2010,1196,4,1561.6
2010,1199,4,1464.8
2010,1207,3,577.0
2010,1210,2,1076.7
2010,1211,8,3030.2
2010,1222,3,2741.9
2010,1242,3,438.3
2010,1243,3,421.0
2010,1246,2,1035.6
2010,1250,4,2015.1
2010,1257,6,958.4
2010,1266,4,2934.2
2010,1268,4,3371.9
2010,1277,4,2618.5
2010,1278,2,479.4
2010,1281,6,1454.9
2010,1285,6,1242.8
2010,1288,3,442.6
2010,1293,10,2969.1
2010,1307,4,1388.4
2010,1308,3,1927.9
2010,1317,7,256.9
2010,1320,9,898.9
2010,1323,4,1350.9
2010,1324,7,391.2
2010,1325,3,939.3
2010,1326,2,532.8
2010,1329,5,1097.6
2010,1330,8,1489.2
2010,1338,5,716.4
2010,1345,3,2549.0
2010,1350,2,701.5
2010,1352,6,750.3
2010,1358,3,532.5
2010,1361,3,4121.8
2010,1364,3,2899.0
2010,1373,8,3422.7
2010,1388,8,4290.5
2010,1393,5,222.9
2010,1396,2,1221.6
2010,1397,3,1261.8
2010,1400,5,738.5
2010,1401,4,2608.9
2010,1424,3,1589.4
2010,1429,3,792.8
2010,1431,3,1538.5
2010,1435,3,3113.4
2010,1436,3,488.5
2010,1437,5,385.7
2010,1448,5,1141.9
2010,1449,3,1142.3
2010,1452,3,373.2
2010,1457,10,605.9
2010,1458,4,1574.3
2010,1459,8,514.8
2010,1462,3,522.1
2010,3114,11,472.1
2010,3122,14,314.7
2010,3124,8,2393.3
2010,3132,7,390.9
2010,3151,12,2447.5
2010,3156,6,378.5
2010,3163,11,651.5
2010,3173,13,423.0
2010,3177,13,405.4
2010,3181,13,0.0
2010,3190,14,363.2
2010,3199,15,0.0
2010,3201,7,253.5
2010,3207,13,3903.5
2010,3208,15,2634.7
2010,3210,14,1206.2
2010,3211,12,367.7
2010,3214,7,255.6
2010,3216,7,833.4
2010,3234,13,2654.7
2010,3235,8,0.0
2010,3241,6,288.4
2010,3246,13,112.8
2010,3249,8,351.0
2010,3250,7,1528.2
2010,3251,6,588.5
2010,3256,7,825.7
2010,3261,15,1297.1
2010,3265,13,4098.4
2010,3277,14,509.6
2010,3280,14,1101.2
2010,3292,11,756.7
2010,3301,13,1602.1
2010,3304,7,541.6
2010,3314,6,3760.9
2010,3320,6,279.3
2010,3323,12,0.0
2010,3326,13,260.1
2010,3328,6,0.0
2010,3329,7,1390.3
2010,3340,7,233.2
2010,3343,11,1403.5
2010,3353,12,4087.4
2010,3355,11,1012.1
2010,3361,7,1858.5
2010,3380,7,1549.2
2010,3384,6,116.2
2010,3385,13,1480.6
2010,3390,6,0.0
2010,3395,8,1280.5
2010,3396,12,358.8
2010,3397,13,0.0
2010,3400,8,0.0
2010,3401,6,2906.6
2010,3408,8,2100.5
2010,3415,7,577.9
2010,3417,6,2448.3
2010,3435,14,382.7
2010,3436,7,1100.3
2010,3438,15,1361.4
2010,3452,11,1920.9
2010,3453,8,531.1
2010,3458,14,299.9
2010,3462,12,0.0
2011,1103,3,516.1
2011,1106,3,842.5
2011,1112,3,1444.0
2011,1114,7,907.3
2011,1125,10,2262.3
2011,1131,3,2245.4
2011,1137,4,230.5
2011,1139,7,790.2
2011,1140,3,571.1
2011,1153,5,646.3
2011,1155,3,576.8
2011,1163,3,487.2
2011,1181,2,195.2
2011,1196,2,190.3
2011,1199,4,1306.4
2011,1206,9,475.3
2011,1207,6,955.2
2011,1208,4,271.3
2011,1211,8,1329.4
2011,1214,3,450.8
2011,1228,4,807.8
2011,1232,9,533.8
2011,1242,3,320.1
2011,1243,5,1510.7
2011,1246,2,1139.1
2011,1254,6,853.5
2011,1257,3,1666.4
2011,1266,5,539.1
2011,1272,3,548.3
2011,1276,3,823.7
2011,1277,3,1654.2
2011,1281,5,1429.9
2011,1287,10,1866.9
2011,1294,6,1070.1
2011,1314,2,178.7
2011,1323,4,116.5
2011,1324,7,1319.2
2011,1326,2,203.3
2011,1330,8,236.7
2011,1336,2,3087.5
2011,1338,5,306.5
2011,1343,3,1553.2
2011,1345,4,172.0
2011,1350,2,2395.9
2011,1361,3,583.0
2011,1364,3,3594.7
2011,1385,5,2618.6
2011,1389,8,1140.2
2011,1393,4,487.6
2011,1396,3,3306.6
2011,1397,4,290.0
2011,1400,3,674.3
2011,1401,4,1474.1
2011,1412,5,731.6
2011,1417,5,3459.6
2011,1421,10,484.9
2011,1424,4,1716.9
2011,1425,4,3074.0
2011,1427,3,1738.0
2011,1429,3,1060.0
2011,1433,8,636.4
2011,1435,3,1642.3
2011,1437,7,558.3
2011,1449,3,3670.6
2011,1452,6,1319.5
2011,1458,4,2241.2
2011,1459,8,2099.8
2011,1462,4,358.1
2011,3113,9,815.5
2011,3114,11,558.7
2011,3124,7,0.0
2011,3132,7,166.4
2011,3163,11,0.0
2011,3173,12,548.7
2011,3177,12,822.3
2011,3181,13,0.0
2011,3199,15,266.9
2011,3201,7,1196.1
2011,3205,6,419.7
2011,3207,13,12.8
2011,3208,14,246.6
2011,3210,14,701.2
2011,3211,12,0.0
2011,3214,7,2721.5
2011,3216,7,41.0
2011,3222,8,261.9
2011,3234,15,2142.0
2011,3235,10,1434.6
2011,3241,6,57.9
2011,3243,8,2070.0
2011,3246,13,2000.9
2011,3256,7,102.7
2011,3257,13,
2011,3265,12,766.9
2011,3266,13,858.0
2011,3268,15,0.0
2011,3270,8,258.8
2011,3274,14,1377.5
2011,3277,14,1226.0
2011,3285,7,273.1
2011,3292,13,369.5
2011,3298,7,235.4
2011,3314,6,2491.5
2011,3320,6,680.2
2011,3323,11,2139.5
2011,3326,13,0.0
2011,3328,8,1717.6
2011,3336,13,0.0
2011,3341,7,196.7
2011,3343,11,247.3
2011,3345,15,1235.9
2011,3353,12,1933.5
2011,3355,11,1171.2
2011,3359,12,159.5
2011,3384,6,222.8
2011,3385,13,4136.6
2011,3390,7,0.0
2011,3391,14,808.9
2011,3396,13,3090.1
2011,3397,13,0.0
2011,3400,10,1432.5
2011,3401,7,325.2
2011,3403,10,1884.5
2011,3404,14,893.5
2011,3413,7,129.8
2011,3416,7,1278.5
2011,3417,7,1514.2
2011,3428,7,0.0
2011,3435,14,382.7
2011,3452,14,1791.0
2011,3453,6,1087.5
2011,3462,12,0.0
2012,1104,4,779.0
2012,1124,3,966.0
2012,1125,10,536.2
2012,1140,10,2331.0
2012,1143,4,3281.2
2012,1153,3,382.7
2012,1160,3,561.6
2012,1161,4,1676.0
2012,1163,5,1178.0
2012,1166,9,1512.9
2012,1172,8,3694.2
2012,1178,7,1074.3
2012,1181,3,80.5
2012,1196,3,1780.6
2012,1199,2,677.3
2012,1207,5,525.7
2012,1211,8,3063.9
2012,1217,10,3163.2
2012,1231,4,3025.7
2012,1233,9,891.0
2012,1235,5,788.2
2012,1242,4,261.2
2012,1243,5,1420.0
2012,1246,2,112.8
2012,1249,3,1402.9
2012,1250,6,635.1
2012,1253,3,1361.3
2012,1254,6,771.0
2012,1257,3,3130.8
2012,1259,8,316.4
2012,1266,5,562.0
2012,1272,3,820.0
2012,1276,3,728.5
2012,1277,2,331.6
2012,1281,3,750.9
2012,1285,6,1446.7
2012,1290,3,885.2
2012,1293,10,289.5
2012,1301,3,602.2
2012,1307,3,1780.9
2012,1308,3,2004.4
2012,1313,3,1761.6
2012,1314,2,68.6
2012,1323,4,838.2
2012,1325,3,545.7
2012,1326,2,260.1
2012,1345,4,764.9
2012,1355,7,1325.8
2012,1361,3,3143.2
2012,1378,5,1323.3
2012,1379,4,1312.5
2012,1382,2,971.4
2012,1387,3,636.1
2012,1388,8,2268.8
2012,1393,4,431.6
2012,1396,4,1099.4
2012,1400,4,1211.3
2012,1421,10,583.1
2012,1424,4,777.2
2012,1433,8,3815.8
2012,1435,2,1797.4
2012,1436,3,1045.2
2012,1438,4,1534.7
2012,1443,7,364.8
2012,1452,6,90.3
2012,1455,10,2267.1
2012,1458,3,1730.1
2012,1462,2,535.1
2012,3107,7,2407.2
2012,3114,11,0.0
2012,3116,9,638.5
2012,3124,7,1624.4
2012,3140,12,1995.5
2012,3143,7,3085.5
2012,3163,11,104.9
2012,3166,6,
2012,3173,12,1498.3
2012,3174,6,1561.1
2012,3177,13,24.6
2012,3181,15,707.5
2012,3185,7,341.3
2012,3195,14,483.3
2012,3196,15,1309.0
2012,3201,7,3622.0
2012,3207,13,376.5
2012,3208,15,400.7
2012,3210,13,510.0
2012,3211,12,0.0
2012,3214,7,20.3
2012,3226,7,659.8
2012,3234,15,439.4
2012,3235,9,0.0
2012,3242,9,537.9
2012,3243,8,1992.7
2012,3246,14,893.0
2012,3251,6,772.6
2012,3257,13,
2012,3261,13,0.0
2012,3265,12,1558.1
2012,3268,13,0.0
2012,3270,8,1312.2
2012,3274,15,4052.3
2012,3276,15,1420.5
2012,3277,15,758.2
2012,3292,11,49.2
2012,3298,7,38.4
2012,3304,13,777.7
2012,3323,11,0.0
2012,3326,14,166.4
2012,3328,8,0.0
2012,3336,14,1662.5
2012,3341,7,2390.7
2012,3343,11,154.4
2012,3345,13,0.0
2012,3353,13,3472.9
2012,3355,11,919.4
2012,3357,6,768.9
2012,3359,12,293.7
2012,3361,7,2467.3
2012,3364,7,3231.5
2012,3376,14,883.2
2012,3382,12,1394.3
2012,3385,12,2150.4
2012,3390,7,4026.3
2012,3397,13,752.8
2012,3400,10,2112.4
2012,3401,7,0.0
2012,3404,14,633.9
2012,3431,7,1462.7
2012,3435,15,0.0
2012,3452,12,445.0
2012,3453,6,531.1
2013,1103,3,228.0
2013,1107,3,322.3
2013,1112,4,952.7
2013,1125,10,2237.2
2013,1129,6,2675.4
2013,1137,6,728.9
2013,1139,3,239.4
2013,1143,5,68.3
2013,1153,5,807.0
2013,1160,5,1280.3
2013,1161,4,1788.6
2013,1166,9,1755.6
2013,1172,8,456.1
2013,1181,4,548.4
2013,1195,10,1604.9
2013,1196,2,1485.8
2013,1207,4,199.3
2013,1211,8,884.3
2013,1217,10,3365.1
2013,1228,4,1392.4
2013,1231,3,211.6
2013,1233,8,891.0
2013,1235,4,830.9
2013,1241,8,481.7
2013,1242,3,58.6
2013,1243,3,172.2
2013,1247,4,770.6
2013,1251,9,510.4
2013,1254,7,874.9
2013,1257,3,112.8
2013,1266,5,625.4
2013,1272,3,1024.4
2013,1274,2,1787.1
2013,1276,4,61.8
2013,1277,3,101.3
2013,1278,5,1681.4
2013,1279,2,692.8
2013,1281,4,781.5
2013,1285,3,1242.8
2013,1292,9,476.1
2013,1299,3,562.9
2013,1301,3,658.5
2013,1307,3,780.2
2013,1308,3,1485.8
2013,1314,2,1412.3
2013,1322,3,473.7
2013,1323,4,276.6
2013,1326,2,104.1
2013,1328,5,2026.1
2013,1329,4,2210.9
2013,1332,3,753.4
2013,1334,3,2322.0
2013,1338,5,2677.2
2013,1355,7,1107.6
2013,1361,4,3810.8
2013,1380,3,2186.2
2013,1387,2,2768.3
2013,1388,8,3270.1
2013,1393,3,3888.1
2013,1396,4,770.6
2013,1417,3,1971.3
2013,1424,3,614.4
2013,1433,2,755.3
2013,1434,7,343.7
2013,1437,5,1648.3
2013,1443,8,749.6
2013,1455,9,1297.1
2013,1458,2,620.1
2013,3107,7,369.9
2013,3124,12,0.0
2013,3141,7,429.9
2013,3142,7,2768.6
2013,3143,14,1900.1
2013,3151,12,1141.7
2013,3160,14,0.0
2013,3163,11,36.8
2013,3166,7,
2013,3173,13,885.5
2013,3174,6,0.0
2013,3177,13,997.3
2013,3181,13,0.0
2013,3199,14,1231.9
2013,3201,7,1665.2
2013,3208,14,3209.2
2013,3211,12,0.0
2013,3214,7,255.6
2013,3225,7,3555.8
2013,3234,15,0.0
2013,3235,12,1969.4
2013,3242,14,868.4
2013,3246,13,963.0
2013,3251,13,588.5
2013,3257,12,
2013,3261,15,0.0
2013,3265,12,396.0
2013,3268,14,0.0
2013,3274,15,2051.0
2013,3276,15,3295.4
2013,3277,13,758.2
2013,3285,7,273.1
2013,3292,12,273.6
2013,3298,7,298.2
2013,3304,14,1133.6
2013,3314,13,509.8
2013,3323,11,439.4
2013,3328,13,1374.9
2013,3329,13,1629.9
2013,3331,7,1084.7
2013,3336,14,1662.5
2013,3341,7,196.7
2013,3343,11,2239.7
2013,3345,13,260.9
2013,3346,6,434.5
2013,3355,11,845.4
2013,3376,15,2245.3
2013,3378,13,1952.1
2013,3385,13,0.0
2013,3386,7,320.2
2013,3390,13,0.0
2013,3391,14,1225.7
2013,3393,12,1031.5
2013,3397,14,0.0
2013,3401,13,0.0
2013,3403,14,0.0
2013,3404,14,635.0
2013,3409,7,2327.8
2013,3417,13,3175.9
2013,3435,15,1401.0
2013,3437,13,4024.8
2013,3452,14,359.9
2013,3453,6,1588.3
2013,3455,6,791.8
2014,1107,3,929.7
2014,1110,6,1021.5
2014,1112,3,583.0
2014,1113,5,2343.9
2014,1124,3,269.2
2014,1140,7,1991.3
2014,1142,3,3204.9
2014,1153,4,2799.7
2014,1157,9,219.4
2014,1160,4,2526.9
2014,1163,3,557.5
2014,1166,3,1336.0
2014,1173,4,563.6
2014,1174,8,3422.3
2014,1181,2,33.7
2014,1184,10,524.3
2014,1196,2,153.9
2014,1203,3,374.2
2014,1211,7,1661.4
2014,1217,10,3632.9
2014,1234,5,653.4
2014,1235,3,1468.2
2014,1242,4,438.9
2014,1243,5,555.6
2014,1246,2,500.6
2014,1257,3,1153.6
2014,1264,8,1533.0
2014,1269,4,903.0
2014,1272,5,1035.4
2014,1273,9,563.1
2014,1276,2,350.4
2014,1277,2,2618.5
2014,1291,7,586.9
2014,1295,7,1554.7
2014,1300,3,1968.9
2014,1301,3,658.5
2014,1304,4,1276.2
2014,1307,3,1514.2
2014,1308,3,1927.9
2014,1314,4,1953.0
2014,1326,3,473.0
2014,1328,5,2153.6
2014,1329,5,1878.9
2014,1332,5,2816.5
2014,1338,3,1329.0
2014,1344,3,2791.9
2014,1361,3,1661.4
2014,1372,3,2124.3
2014,1386,2,449.7
2014,1387,4,1385.2
2014,1390,4,2790.2
2014,1393,4,222.9
2014,1397,3,423.0
2014,1400,4,1666.1
2014,1409,3,1974.6
2014,1411,3,1507.1
2014,1417,3,179.3
2014,1418,2,631.1
2014,1433,2,3625.5
2014,1437,5,432.2
2014,1438,2,250.5
2014,1444,3,553.1
2014,1451,3,1051.6
2014,1454,7,734.7
2014,1455,9,633.3
2014,1458,3,119.9
2014,1459,8,1036.5
2014,1462,4,78.1
2014,3103,7,459.7
2014,3107,12,2057.8
2014,3113,15,2651.4
2014,3119,7,368.6
2014,3124,12,0.0
2014,3140,11,901.0
2014,3143,15,2393.3
2014,3151,12,341.5
2014,3163,12,0.0
2014,3169,7,1519.9
2014,3173,13,548.7
2014,3177,11,997.3
2014,3181,13,0.0
2014,3195,6,1601.6
2014,3196,15,1304.8
2014,3199,15,1534.6
2014,3200,13,2320.0
2014,3201,7,329.7
2014,3208,15,1307.5
2014,3210,15,738.0
2014,3211,11,2608.9
2014,3214,7,272.2
2014,3225,7,2097.0
2014,3234,13,0.0
2014,3235,14,0.0
2014,3241,6,1818.0
2014,3246,13,0.0
2014,3257,12,620.6
2014,3261,15,0.0
2014,3265,12,1459.1
2014,3268,15,0.0
2014,3277,14,889.5
2014,3292,7,3219.9
2014,3301,14,3591.5
2014,3304,13,2037.8
2014,3314,14,0.0
2014,3315,7,1925.3
2014,3322,6,965.9
2014,3323,13,224.3
2014,3328,14,1675.5
2014,3329,13,1006.5
2014,3333,13,345.5
2014,3335,11,186.7
2014,3336,15,0.0
2014,3341,7,2490.4
2014,3345,15,0.0
2014,3352,6,306.8
2014,3376,14,3735.9
2014,3377,11,284.5
2014,3385,11,1025.8
2014,3386,15,320.2
2014,3390,14,2482.7
2014,3393,15,897.6
2014,3397,13,0.0
2014,3400,13,2129.0
2014,3401,14,0.0
2014,3404,14,880.6
2014,3425,13,3117.1
2014,3435,16,671.6
2014,3443,7,1153.8
2014,3452,12,1442.5
2014,3455,6,1707.9
2014,3457,13,226.2
2014,3460,6,192.3
2015,1107,3,827.6
2015,1112,3,1788.0
2015,1116,2,1324.9
2015,1124,4,1482.3
2015,1125,10,545.5
2015,1129,4,2675.4
2015,1138,3,473.0
2015,1139,5,528.7
2015,1140,7,2331.0
2015,1153,4,143.5
2015,1157,9,1698.2
2015,1172,3,3682.2
2015,1173,2,0.0
2015,1181,4,195.2
2015,1186,3,447.1
2015,1207,4,3777.8
2015,1208,3,271.3
2015,1209,2,460.0
2015,1211,7,367.7
2015,1214,3,748.0
2015,1217,3,1635.9
2015,1231,4,831.2
2015,1234,5,2506.9
2015,1235,3,788.2
2015,1242,3,261.2
2015,1246,2,112.8
2015,1248,6,405.7
2015,1257,5,3119.9
2015,1261,4,1501.0
2015,1264,8,880.5
2015,1268,3,531.7
2015,1277,2,891.3
2015,1279,5,763.2
2015,1295,7,1921.1
2015,1301,5,531.7
2015,1308,3,1383.9
2015,1314,3,666.7
2015,1316,9,1073.8
2015,1318,8,775.5
2015,1320,9,2397.3
2015,1323,3,541.1
2015,1326,4,3263.9
2015,1328,4,1374.9
2015,1329,5,580.1
2015,1332,3,2232.1
2015,1344,4,995.0
2015,1345,3,260.9
2015,1352,7,348.7
2015,1361,3,3342.3
2015,1372,3,2868.2
2015,1374,2,1168.8
2015,1385,5,865.6
2015,1400,5,1960.4
2015,1411,3,2951.1
2015,1412,3,534.7
2015,1414,3,1592.9
2015,1417,4,2938.2
2015,1428,4,1021.6
2015,1433,2,3815.8
2015,1434,7,380.8
2015,1437,3,397.5
2015,1438,4,376.4
2015,1452,5,262.7
2015,1455,10,414.3
2015,1458,2,576.5
2015,1459,8,514.8
2015,1461,3,1497.1
2015,1462,3,1009.9
2015,3106,6,289.1
2015,3107,7,861.9
2015,3110,6,1265.7
2015,3113,13,0.0
2015,3114,6,1812.7
2015,3116,14,572.8
2015,3124,11,0.0
2015,3129,7,2865.9
2015,3140,10,2997.0
2015,3143,12,0.0
2015,3151,12,161.7
2015,3163,11,0.0
2015,3169,6,482.9
2015,3173,12,192.3
2015,3177,10,116.5
2015,3181,13,0.0
2015,3195,5,483.3
2015,3199,12,0.0
2015,3203,12,3835.2
2015,3211,11,566.2
2015,3234,13,0.0
2015,3235,13,893.0
2015,3241,5,282.5
2015,3246,13,0.0
2015,3251,12,167.0
2015,3257,13,1186.6
2015,3261,13,891.5
2015,3268,12,0.0
2015,3274,14,2051.0
2015,3278,14,674.4
2015,3280,14,948.2
2015,3285,6,2269.8
2015,3304,14,1574.4
2015,3308,6,2782.7
2015,3314,14,0.0
2015,3321,13,1437.6
2015,3322,5,385.1
2015,3323,12,0.0
2015,3325,6,2741.0
2015,3326,12,567.7
2015,3328,12,2222.6
2015,3329,12,1343.5
2015,3333,14,0.0
2015,3338,15,604.4
2015,3343,10,247.3
2015,3346,11,4198.8
2015,3353,14,232.5
2015,3355,10,2092.0
2015,3366,6,213.8
2015,3371,10,205.4
2015,3376,12,0.0
2015,3378,11,0.0
2015,3383,5,191.2
2015,3390,12,0.0
2015,3393,15,1091.7
2015,3397,12,0.0
2015,3398,13,291.0
2015,3400,11,2403.4
2015,3401,14,1501.4
2015,3408,12,1238.5
2015,3443,6,3145.6
2015,3449,14,2506.9
2015,3453,5,1104.2
2015,3455,5,2184.9
2016,1112,4,3635.2
2016,1114,2,1251.8
2016,1122,10,780.1
2016,1124,4,2549.8
2016,1138,3,624.5
2016,1139,5,795.4
2016,1143,4,1157.4
2016,1151,8,1026.3
2016,1153,4,2799.7
2016,1160,5,994.9
2016,1163,2,1770.1
2016,1167,3,1944.5
2016,1173,3,532.0
2016,1181,5,915.7
2016,1192,7,869.1
2016,1195,9,1474.4
2016,1201,3,1333.2
2016,1211,7,1329.4
2016,1214,3,247.7
2016,1218,3,4641.0
2016,1221,6,1075.1
2016,1231,4,657.9
2016,1233,8,2634.3
2016,1234,5,1473.5
2016,1235,5,988.1
2016,1242,3,321.3
2016,1246,2,872.7
2016,1268,3,3371.9
2016,1274,4,1964.4
2016,1276,3,282.9
2016,1277,2,663.8
2016,1292,3,456.6
2016,1314,3,40.4
2016,1320,9,898.9
2016,1323,4,1034.2
2016,1328,4,28.7
2016,1332,3,594.5
2016,1333,5,2400.7
2016,1338,5,896.1
2016,1344,4,917.9
2016,1345,2,1537.1
2016,1355,7,1631.1
2016,1371,3,2604.4
2016,1372,3,2102.3
2016,1380,3,1214.1
2016,1386,2,3451.9
2016,1392,3,1710.9
2016,1393,6,1277.6
2016,1396,3,129.0
2016,1400,5,578.8
2016,1401,2,550.7
2016,1403,6,2131.0
2016,1409,4,1108.4
2016,1421,9,938.5
2016,1423,8,1018.9
2016,1425,5,3591.5
2016,1428,3,596.5
2016,1433,2,1806.1
2016,1435,5,459.5
2016,1437,3,136.9
2016,1438,3,250.5
2016,1451,3,1874.9
2016,1452,3,523.0
2016,1453,7,1288.8
2016,1455,10,1162.2
2016,1458,5,499.4
2016,1462,4,494.3
2016,1463,10,138.3
2016,3106,6,1110.5
2016,3107,7,200.0
2016,3113,14,0.0
2016,3119,6,257.5
2016,3120,14,1104.9
2016,3124,11,0.0
2016,3125,13,353.2
2016,3138,6,473.0
2016,3140,10,1676.6
2016,3146,5,691.7
2016,3151,12,367.1
2016,3161,7,1370.0
2016,3163,11,0.0
2016,3177,11,432.8
2016,3182,12,666.6
2016,3196,14,1587.8
2016,3199,14,1155.2
2016,3203,12,651.1
2016,3208,15,897.0
2016,3218,6,4119.9
2016,3225,6,2391.3
2016,3231,14,283.3
2016,3233,11,344.1
2016,3239,5,412.8
2016,3241,6,601.1
2016,3243,13,1499.5
2016,3246,13,0.0
2016,3257,13,0.0
2016,3268,12,0.0
2016,3274,13,4139.6
2016,3277,12,1098.0
2016,3280,12,0.0
2016,3281,15,730.1
2016,3283,5,784.9
2016,3292,6,1092.2
2016,3299,6,838.2
2016,3308,6,497.5
2016,3323,12,0.0
2016,3326,13,0.0
2016,3328,12,1195.6
2016,3329,13,2398.0
2016,3333,12,0.0
2016,3335,10,186.7
2016,3343,10,709.9
2016,3345,14,336.3
2016,3352,5,681.4
2016,3355,10,2255.6
2016,3362,10,45.3
2016,3371,11,205.4
2016,3376,12,0.0
2016,3378,11,3459.6
2016,3382,14,3587.8
2016,3385,10,2319.2
2016,3390,14,0.0
2016,3393,12,0.0
2016,3397,13,2568.3
2016,3400,11,0.0
2016,3401,14,0.0
2016,3407,6,3516.0
2016,3417,12,0.0
2016,3421,5,322.9
2016,3449,13,3739.5
2016,3452,12,262.7
2016,3453,5,2394.7
2017,1112,3,952.7
2017,1116,2,1072.9
2017,1124,5,523.3
2017,1137,6,269.9
2017,1139,5,391.8
2017,1153,2,3181.0
2017,1166,3,2191.6
2017,1173,4,168.1
2017,1181,3,341.4
2017,1190,8,869.3
2017,1195,9,217.0
2017,1196,4,153.9
2017,1199,4,351.2
2017,1211,7,884.3
2017,1233,8,4036.5
2017,1235,3,480.9
2017,1240,10,663.1
2017,1242,5,320.1
2017,1243,4,1063.7
2017,1245,3,3407.1
2017,1246,2,239.4
2017,1257,5,171.9
2017,1266,5,1027.0
2017,1268,4,1230.8
2017,1274,5,1891.6
2017,1276,2,344.9
2017,1277,4,1228.3
2017,1278,3,479.4
2017,1291,7,586.9
2017,1292,3,810.3
2017,1297,7,167.9
2017,1300,3,624.7
2017,1305,3,2677.9
2017,1308,3,1078.9
2017,1309,3,1214.2
2017,1314,4,325.2
2017,1315,3,1421.2
2017,1321,3,2016.9
2017,1323,3,620.8
2017,1329,5,1037.7
2017,1332,3,622.7
2017,1343,2,449.9
2017,1344,5,1098.9
2017,1345,4,302.2
2017,1348,2,4207.7
2017,1355,7,1295.6
2017,1371,4,974.1
2017,1374,2,383.0
2017,1376,4,156.8
2017,1388,7,938.7
2017,1407,2,473.8
2017,1411,3,1342.5
2017,1413,3,3216.7
2017,1417,4,581.5
2017,1423,8,711.7
2017,1425,5,3074.0
2017,1433,2,2973.2
2017,1435,3,2237.2
2017,1436,3,1189.4
2017,1437,3,432.2
2017,1438,5,1088.7
2017,1439,5,642.4
2017,1448,6,534.1
2017,1452,3,373.2
2017,1455,9,996.1
2017,1457,9,1079.9
2017,1458,2,854.3
2017,1462,4,1209.1
2017,3107,7,155.3
2017,3113,14,2848.3
2017,3120,15,1191.3
2017,3124,11,0.0
2017,3125,13,291.0
2017,3129,7,1077.9
2017,3137,5,220.6
2017,3143,14,2393.3
2017,3146,5,730.1
2017,3151,12,359.0
2017,3163,11,0.0
2017,3166,11,2244.5
2017,3173,12,215.3
2017,3177,10,941.2
2017,3179,5,365.6
2017,3181,12,0.0
2017,3189,6,392.0
2017,3195,5,190.0
2017,3199,14,0.0
2017,3211,10,367.7
2017,3214,6,255.6
2017,3235,13,1763.4
2017,3243,12,0.0
2017,3246,13,0.0
2017,3253,6,1276.8
2017,3257,13,0.0
2017,3261,14,581.0
2017,3266,10,2046.1
2017,3268,12,0.0
2017,3274,13,0.0
2017,3277,13,1015.8
2017,3280,12,0.0
2017,3281,14,921.1
2017,3286,6,886.9
2017,3301,14,1879.7
2017,3308,6,1195.3
2017,3320,5,1057.5
2017,3323,12,0.0
2017,3326,13,249.2
2017,3328,13,2473.4
2017,3332,13,3819.9
2017,3333,12,0.0
2017,3335,5,3843.5
2017,3345,12,152.9
2017,3346,11,1867.1
2017,3352,5,522.4
2017,3376,12,0.0
2017,3378,11,328.9
2017,3390,12,2234.7
2017,3393,14,348.2
2017,3396,12,548.4
2017,3397,15,302.7
2017,3400,12,0.0
2017,3401,13,2088.2
2017,3405,6,3209.0
2017,3407,5,323.8
2017,3411,6,261.9
2017,3417,13,0.0
2017,3421,5,224.9
2017,3442,10,1254.8
2017,3443,6,207.8
2017,3449,14,0.0
2017,3452,11,269.6
2017,3453,10,343.8
2018,1104,3,1047.9
2018,1112,3,1346.6
2018,1113,6,2563.9
2018,1116,3,1182.7
2018,1120,4,2954.5
2018,1137,6,533.9
2018,1138,3,2998.2
2018,1139,4,386.4
2018,1153,2,379.1
2018,1155,4,3167.7
2018,1158,7,3462.5
2018,1166,5,1476.2
2018,1168,3,3168.9
2018,1172,2,3172.1
2018,1181,4,503.4
2018,1196,4,1418.1
2018,1199,6,677.3
2018,1209,2,344.8
2018,1211,7,459.2
2018,1222,2,900.7
2018,1233,8,527.0
2018,1242,3,232.0
2018,1243,4,1458.5
2018,1246,2,2720.6
2018,1252,9,545.5
2018,1254,7,874.9
2018,1260,9,1295.1
2018,1267,3,3184.0
2018,1274,5,1782.4
2018,1276,9,1263.3
2018,1277,10,125.0
2018,1281,5,525.7
2018,1285,3,1702.8
2018,1293,10,2664.5
2018,1300,3,624.7
2018,1301,6,1676.9
2018,1305,4,2908.6
2018,1308,3,974.2
2018,1314,3,178.7
2018,1326,11,2763.6
2018,1328,6,1634.1
2018,1335,2,1932.3
2018,1344,3,1099.2
2018,1345,9,385.6
2018,1347,9,429.3
2018,1348,2,721.0
2018,1355,7,1551.2
2018,1361,3,1880.1
2018,1371,5,2018.1
2018,1372,3,245.4
2018,1382,3,545.0
2018,1393,6,763.6
2018,1395,5,1645.5
2018,1397,2,1232.6
2018,1400,5,1211.3
2018,1401,5,1533.0
2018,1403,4,478.5
2018,1411,3,1507.1
2018,1417,4,3074.0
2018,1420,3,586.8
2018,1422,8,3191.6
2018,1437,3,414.5
2018,1438,3,376.4
2018,1439,6,358.8
2018,1452,3,3401.4
2018,1455,3,1880.1
2018,1460,7,1368.9
2018,1462,4,382.7
2018,3110,5,3692.0
2018,3113,13,1384.7
2018,3114,5,889.7
2018,3124,11,0.0
2018,3125,13,394.4
2018,3129,7,2610.0
2018,3138,6,1464.8
2018,3141,6,429.9
2018,3143,14,3707.4
2018,3163,10,0.0
2018,3166,11,2113.0
2018,3169,6,2931.3
2018,3173,13,215.3
2018,3177,10,1474.1
2018,3179,5,1243.7
2018,3181,14,466.3
2018,3189,6,85.9
2018,3195,5,3949.9
2018,3199,13,0.0
2018,3203,12,525.7
2018,3208,13,0.0
2018,3211,10,1201.6
2018,3212,6,431.8
2018,3234,14,2480.9
2018,3251,5,455.7
2018,3257,12,0.0
2018,3261,14,1291.7
2018,3263,7,2997.8
2018,3266,10,562.0
2018,3268,12,386.3
2018,3273,12,126.7
2018,3274,14,1932.4
2018,3276,14,1682.1
2018,3278,13,2354.1
2018,3280,12,0.0
2018,3281,14,2667.3
2018,3294,6,1197.5
2018,3299,6,256.7
2018,3301,13,0.0
2018,3304,13,1175.5
2018,3311,5,450.0
2018,3323,12,0.0
2018,3326,12,0.0
2018,3328,13,522.0
2018,3329,13,808.1
2018,3332,12,0.0
2018,3333,14,3436.0
2018,3343,5,615.9
2018,3346,11,71.8
2018,3355,10,905.5
2018,3370,6,399.5
2018,3376,12,0.0
2018,3378,10,328.9
2018,3384,5,553.4
2018,3390,12,0.0
2018,3393,15,1532.7
2018,3397,14,0.0
2018,3400,11,0.0
2018,3401,13,0.0
2018,3417,13,0.0
2018,3437,12,933.5
2018,3438,14,503.5
2018,3443,6,253.0
2018,3453,10,2771.6
2019,1101,3,1731.1
2019,1113,4,2563.9
2019,1120,2,2511.0
2019,1124,5,1669.4
2019,1125,10,459.5
2019,1133,9,352.2
2019,1138,3,1643.5
2019,1153,2,161.2
2019,1159,6,816.1
2019,1181,3,295.0
2019,1192,7,869.1
2019,1196,3,1671.4
2019,1199,3,1631.0
2019,1205,9,150.9
2019,1209,2,1089.9
2019,1211,7,884.3
2019,1222,2,713.7
2019,1233,8,786.9
2019,1234,4,741.9
2019,1235,3,684.1
2019,1242,3,1432.7
2019,1243,4,2212.9
2019,1246,3,897.1
2019,1251,9,3744.1
2019,1257,5,765.9
2019,1261,4,913.8
2019,1266,4,1255.8
2019,1268,5,1054.4
2019,1276,2,820.2
2019,1277,2,764.7
2019,1278,3,378.1
2019,1279,5,781.2
2019,1280,4,3013.1
2019,1285,3,1720.1
2019,1293,10,1459.6
2019,1295,7,1287.8
2019,1297,7,1065.0
2019,1300,3,624.7
2019,1305,4,2215.7
2019,1308,3,1043.6
2019,1314,4,567.7
2019,1318,7,3369.0
2019,1326,4,1212.2
2019,1328,6,1505.7
2019,1330,3,628.0
2019,1332,3,753.4
2019,1341,3,1518.6
2019,1345,4,1199.2
2019,1371,3,1339.8
2019,1385,5,870.6
2019,1387,2,2768.3
2019,1388,7,4187.8
2019,1393,5,2946.3
2019,1396,4,770.6
2019,1397,2,452.2
2019,1403,5,605.6
2019,1414,3,547.7
2019,1416,4,607.8
2019,1429,3,2422.0
2019,1433,4,510.1
2019,1436,3,304.5
2019,1437,3,289.5
2019,1438,4,503.5
2019,1439,5,3639.3
2019,1449,3,3231.8
2019,1458,3,2814.5
2019,1459,8,514.8
2019,1463,2,1451.2
2019,3101,5,264.7
2019,3113,14,3167.1
2019,3114,6,2845.8
2019,3120,14,3362.3
2019,3124,11,0.0
2019,3125,13,545.5
2019,3126,6,1466.6
2019,3129,9,573.5
2019,3137,5,725.7
2019,3138,6,557.5
2019,3140,10,961.8
2019,3141,7,242.5
2019,3143,14,2393.3
2019,3155,14,567.1
2019,3163,11,0.0
2019,3177,10,495.8
2019,3179,5,174.3
2019,3195,5,190.0
2019,3199,14,621.8
2019,3200,12,308.4
2019,3211,10,566.2
2019,3231,14,3061.9
2019,3234,12,0.0
2019,3235,11,0.0
2019,3243,12,943.1
2019,3246,14,578.4
2019,3257,12,0.0
2019,3263,7,1304.4
2019,3266,10,1570.0
2019,3268,12,0.0
2019,3273,12,1203.2
2019,3274,14,0.0
2019,3276,13,479.2
2019,3277,14,184.9
2019,3280,12,0.0
2019,3281,13,735.1
2019,3283,5,536.5
2019,3301,13,0.0
2019,3308,6,1586.0
2019,3314,14,1739.0
2019,3323,12,0.0
2019,3332,12,0.0
2019,3333,14,0.0
2019,3340,7,166.8
2019,3343,5,615.9
2019,3346,11,325.1
2019,3347,5,378.9
2019,3349,6,134.0
2019,3352,5,538.7
2019,3353,13,232.5
2019,3355,10,1662.2
2019,3376,14,137.5
2019,3377,10,1254.3
2019,3380,6,403.0
2019,3390,12,0.0
2019,3393,13,0.0
2019,3397,14,701.6
2019,3400,12,2701.4
2019,3401,13,0.0
2019,3406,6,455.6
2019,3413,6,129.8
2019,3416,11,331.4
2019,3417,13,3699.8
2019,3460,10,1498.3
2021,1101,5,1464.8
2021,1104,4,740.1
2021,1111,10,538.0
2021,1116,5,813.3
2021,1124,6,1347.5
2021,1140,9,2165.2
2021,1155,8,639.8
2021,1156,9,485.3
2021,1159,4,1060.3
2021,1160,5,1627.7
2021,1163,6,1199.2
2021,1166,5,842.7
2021,1179,11,578.1
2021,1180,9,938.1
2021,1186,5,2649.4
2021,1196,6,1177.9
2021,1199,5,1051.4
2021,1207,5,790.2
2021,1210,5,687.0
2021,1211,9,2640.3
2021,1213,5,2407.8
2021,1216,5,1150.2
2021,1222,4,1321.5
2021,1228,4,181.9
2021,1233,5,1055.7
2021,1234,5,499.1
2021,1242,7,785.0
2021,1251,11,663.4
2021,1260,11,264.8
2021,1261,4,1057.9
2021,1268,6,867.5
2021,1276,5,334.8
2021,1277,7,326.8
2021,1281,6,538.5
2021,1287,12,294.2
2021,1291,9,792.6
2021,1313,5,933.2
2021,1314,6,849.7
2021,1317,5,1223.3
2021,1325,5,385.7
2021,1326,4,335.8
2021,1328,7,1115.1
2021,1329,5,1037.7
2021,1331,9,923.4
2021,1332,6,3067.2
2021,1333,5,3076.9
2021,1345,6,97.0
2021,1353,6,996.7
2021,1361,5,2872.9
2021,1364,5,3015.6
2021,1382,4,756.3
2021,1393,7,910.3
2021,1397,5,466.7
2021,1400,5,1490.2
2021,1403,7,1502.2
2021,1411,5,1321.5
2021,1417,7,2846.6
2021,1422,10,693.0
2021,1425,6,2906.0
2021,1429,5,2151.9
2021,1437,7,922.0
2021,1438,7,711.3
2021,1439,7,573.9
2021,1452,7,530.8
2021,1455,5,949.7
2021,1457,11,704.0
2021,1458,6,359.0
2021,3104,16,1119.4
2021,3112,16,1230.8
2021,3116,17,725.2
2021,3124,7,269.2
2021,3125,15,1252.2
2021,3133,7,1419.6
2021,3140,12,1694.4
2021,3141,8,1991.5
2021,3163,13,2691.0
2021,3180,8,2422.7
2021,3195,7,1659.1
2021,3199,16,1313.9
2021,3208,14,1514.9
2021,3210,15,1418.6
2021,3211,12,2584.7
2021,3219,10,1872.6
2021,3226,9,1944.6
2021,3231,10,1540.3
2021,3234,8,1498.2
2021,3235,9,1468.2
2021,3238,8,855.1
2021,3246,16,1607.7
2021,3250,10,2434.2
2021,3257,14,1529.5
2021,3265,8,2594.0
2021,3266,13,1713.1
2021,3268,8,2241.2
2021,3273,14,1463.3
2021,3276,10,1946.2
2021,3277,9,1938.1
2021,3283,9,990.9
2021,3291,11,2241.7
2021,3292,8,1224.9
2021,3299,8,1823.8
2021,3301,14,1914.9
2021,3314,17,1953.0
2021,3321,9,1706.2
2021,3329,8,756.0
2021,3332,17,2711.7
2021,3333,16,2754.3
2021,3353,10,2428.9
2021,3355,15,1563.4
2021,3372,7,445.0
2021,3376,14,1725.6
2021,3377,12,1491.6
2021,3378,10,1506.1
2021,3390,14,2362.2
2021,3392,9,2621.5
2021,3393,15,2381.7
2021,3397,15,1432.5
2021,3400,8,47.2
2021,3401,15,139.5
2021,3407,13,1134.1
2021,3413,8,2361.8
2021,3416,10,1666.3
2021,3417,14,1971.3
2021,3430,9,1702.8
2021,3433,8,2145.1
2021,3439,16,1813.9
2021,3448,16,1857.1
2021,3450,17,2478.3
2021,3452,7,2036.0
2021,3460,12,1620.3
2021,3461,11,1415.6
2022,1103,3,3329.6
2022,1104,5,2752.3
2022,1112,3,583.0
2022,1116,3,1511.7
2022,1120,4,378.6
2022,1124,5,135.0
2022,1129,3,554.6
2022,1136,7,1089.2
2022,1151,8,759.7
2022,1159,6,1088.1
2022,1161,4,1606.8
2022,1163,4,523.6
2022,1166,3,953.8
2022,1168,3,3246.1
2022,1172,2,224.2
2022,1174,7,371.4
2022,1181,3,341.4
2022,1209,8,3489.6
2022,1211,7,466.2
2022,1222,2,1829.4
2022,1228,4,699.7
2022,1231,3,211.6
2022,1234,2,1048.8
2022,1235,5,480.9
2022,1240,10,329.6
2022,1242,3,716.8
2022,1246,3,239.4
2022,1255,9,728.7
2022,1260,9,657.5
2022,1261,4,1429.7
2022,1266,5,1409.3
2022,1272,2,2970.3
2022,1274,4,1034.4
2022,1276,5,344.9
2022,1277,3,894.4
2022,1286,3,1533.5
2022,1293,10,397.9
2022,1308,3,2707.7
2022,1313,3,1970.2
2022,1314,4,1711.9
2022,1323,5,276.6
2022,1326,5,260.1
2022,1344,4,624.5
2022,1345,2,302.2
2022,1350,2,607.1
2022,1353,4,830.8
2022,1355,7,1448.8
2022,1361,3,1852.1
2022,1362,8,3128.5
2022,1371,5,3893.2
2022,1388,7,855.8
2022,1389,3,1032.5
2022,1394,3,1804.4
2022,1395,4,1852.1
2022,1397,2,466.7
2022,1400,5,1666.1
2022,1403,3,1427.8
2022,1411,3,1507.1
2022,1412,3,977.5
2022,1417,3,1329.5
2022,1425,4,3270.1
2022,1436,3,488.5
2022,1437,3,397.5
2022,1439,3,906.6
2022,1458,4,119.9
2022,1460,7,0.0
2022,1461,4,1812.1
2022,1463,2,1248.0
2022,3107,5,1125.9
2022,3110,3,680.1
2022,3112,13,0.0
2022,3116,12,725.2
2022,3124,3,0.0
2022,3125,11,257.4
2022,3138,4,883.2
2022,3140,8,2333.6
2022,3150,4,667.6
2022,3160,12,1169.0
2022,3163,9,36.8
2022,3166,11,370.0
2022,3173,10,830.9
2022,3174,3,128.4
2022,3177,11,495.8
2022,3193,4,2514.1
2022,3195,4,1446.9
2022,3196,12,1626.5
2022,3199,12,661.9
2022,3208,13,1267.0
2022,3210,12,3417.7
2022,3211,8,2756.9
2022,3218,4,6076.9
2022,3224,4,651.1
2022,3229,3,248.8
2022,3230,3,1725.6
2022,3231,10,0.0
2022,3234,10,0.0
2022,3235,4,0.0
2022,3237,8,1115.1
2022,3238,4,226.8
2022,3242,5,2351.3
2022,3243,5,1624.0
2022,3246,10,216.5
2022,3255,10,170.7
2022,3257,12,0.0
2022,3261,12,0.0
2022,3268,12,0.0
2022,3269,10,2291.1
2022,3273,10,1414.3
2022,3274,10,922.4
2022,3276,12,0.0
2022,3279,11,777.4
2022,3283,4,776.2
2022,3286,5,1301.2
2022,3291,3,451.3
2022,3301,10,0.0
2022,3304,11,980.2
2022,3314,12,2955.3
2022,3323,11,1211.0
2022,3326,11,1291.7
2022,3328,4,0.0
2022,3332,12,3420.7
2022,3343,5,1022.7
2022,3372,4,1546.4
2022,3376,10,0.0
2022,3377,8,1248.9
2022,3378,6,686.9
2022,3390,10,0.0
2022,3397,11,0.0
2022,3400,3,0.0
2022,3416,6,1690.0
2022,3424,7,582.7
2022,3426,9,1077.9
2022,3428,10,1727.5
2022,3437,9,745.7
2022,3439,11,361.1
2022,3450,13,3403.6
2023,1104,2,79.0
2023,1112,3,1185.6
2023,1113,4,2563.9
2023,1116,4,616.0
2023,1120,5,159.5
2023,1124,5,1152.6
2023,1129,4,714.0
2023,1158,7,491.8
2023,1159,6,1580.7
2023,1163,4,131.9
2023,1166,4,783.0
2023,1179,9,1639.3
2023,1181,3,860.9
2023,1192,7,869.1
2023,1194,3,1536.6
2023,1202,8,708.1
2023,1211,7,1329.4
2023,1213,3,942.7
2023,1222,2,911.9
2023,1224,3,1437.1
2023,1228,5,481.2
2023,1231,3,1140.3
2023,1233,3,193.5
2023,1234,5,996.0
2023,1235,4,1362.7
2023,1242,3,321.3
2023,1243,5,1515.2
2023,1244,9,494.6
2023,1245,3,650.7
2023,1246,4,471.6
2023,1266,3,532.8
2023,1268,4,1071.9
2023,1272,2,820.0
2023,1274,4,1972.4
2023,1277,4,331.6
2023,1280,4,812.3
2023,1281,3,2517.6
2023,1286,6,2814.0
2023,1297,7,648.1
2023,1301,5,2348.6
2023,1305,5,3029.7
2023,1321,4,2873.4
2023,1331,7,1610.1
2023,1336,2,1319.0
2023,1338,5,364.2
2023,1343,2,3977.9
2023,1344,5,965.6
2023,1345,2,335.8
2023,1361,3,3438.9
2023,1364,3,1430.9
2023,1369,10,537.5
2023,1388,7,4084.3
2023,1394,6,1804.4
2023,1395,4,1035.6
2023,1397,4,858.7
2023,1400,3,1311.3
2023,1401,2,1243.7
2023,1411,3,1507.1
2023,1417,3,581.5
2023,1418,8,1047.2
2023,1421,9,3444.4
2023,1425,5,3175.9
2023,1429,3,891.8
2023,1433,2,648.8
2023,1436,3,948.5
2023,1438,3,1088.7
2023,1452,5,913.3
2023,1462,3,535.1
2023,3104,13,1651.0
2023,3112,13,3148.1
2023,3124,5,2483.4
2023,3151,10,502.2
2023,3156,8,558.3
2023,3160,12,2344.1
2023,3163,9,36.8
2023,3166,10,809.1
2023,3170,7,581.5
2023,3179,3,1311.3
2023,3181,11,0.0
2023,3187,6,1987.3
2023,3195,4,1606.9
2023,3199,13,1406.6
2023,3205,10,2703.2
2023,3208,12,1115.3
2023,3211,8,1201.6
2023,3218,4,6655.4
2023,3221,3,566.4
2023,3228,12,244.0
2023,3231,11,0.0
2023,3233,4,705.0
2023,3234,10,0.0
2023,3235,3,1074.5
2023,3241,9,393.7
2023,3257,10,1412.4
2023,3261,11,0.0
2023,3266,10,1168.4
2023,3268,11,0.0
2023,3274,12,1604.5
2023,3276,12,1473.2
2023,3279,11,2946.0
2023,3280,13,943.9
2023,3284,3,1076.8
2023,3292,4,674.5
2023,3301,12,2936.6
2023,3313,4,533.9
2023,3314,12,567.7
2023,3323,11,0.0
2023,3326,10,0.0
2023,3328,4,1904.2
2023,3329,4,986.1
2023,3339,8,1329.5
2023,3343,4,3121.5
2023,3345,12,335.8
2023,3355,8,1584.5
2023,3357,3,4174.1
2023,3368,6,1244.3
2023,3376,10,0.0
2023,3378,8,686.9
2023,3380,4,2947.0
2023,3381,4,2328.5
2023,3385,11,781.5
2023,3387,10,628.6
2023,3390,12,0.0
2023,3397,10,0.0
2023,3399,11,346.3
2023,3400,3,0.0
2023,3405,4,633.8
2023,3417,10,0.0
2023,3424,7,2308.9
2023,3425,14,3414.0
2023,3428,13,0.0
2023,3436,5,306.7
2023,3437,9,0.0
2023,3439,10,0.0
2023,3450,10,3419.0
2023,3452,5,269.6
2024,1103,3,146.3
2024,1104,4,2965.9
2024,1112,4,952.7
2024,1120,2,3155.9
2024,1124,4,770.6
2024,1129,5,2675.4
2024,1140,5,1327.4
2024,1155,6,697.7
2024,1158,7,3539.5
2024,1159,6,1633.9
2024,1160,3,1794.5
2024,1161,4,1772.7
2024,1163,3,162.4
2024,1166,5,1341.6
2024,1173,5,2343.0
2024,1179,9,196.3
2024,1181,5,674.0
2024,1182,2,1341.6
2024,1194,3,1686.9
2024,1196,2,1177.9
2024,1211,7,884.3
2024,1212,3,1109.0
2024,1213,3,1642.3
2024,1222,3,779.2
2024,1224,3,622.7
2024,1228,2,660.9
2024,1235,3,210.9
2024,1241,8,487.6
2024,1242,6,1432.7
2024,1246,4,469.7
2024,1253,3,956.2
2024,1255,9,1072.2
2024,1266,3,391.8
2024,1270,6,2049.0
2024,1277,4,891.3
2024,1280,3,757.5
2024,1286,6,2278.0
2024,1287,10,1121.7
2024,1301,3,531.7
2024,1304,3,857.9
2024,1305,5,687.3
2024,1307,3,1508.1
2024,1314,3,178.7
2024,1321,4,1155.6
2024,1324,7,360.4
2024,1332,3,3529.1
2024,1345,3,97.0
2024,1355,7,346.6
2024,1359,8,2354.7
2024,1361,3,1661.4
2024,1376,4,721.9
2024,1388,7,1157.2
2024,1389,3,852.7
2024,1391,9,1455.1
2024,1395,5,1268.0
2024,1397,4,290.0
2024,1400,6,1671.2
2024,1401,3,773.5
2024,1403,4,2077.0
2024,1412,2,2996.6
2024,1429,4,2165.8
2024,1436,3,429.4
2024,1438,4,530.5
2024,1443,3,309.6
2024,1447,7,857.7
2024,1450,4,1798.1
2024,1458,2,1304.2
2024,1463,2,3549.3
2024,3104,12,1015.7
2024,3112,13,3565.8
2024,3120,12,1552.0
2024,3124,11,1657.3
2024,3151,10,609.9
2024,3160,13,750.7
2024,3162,4,675.6
2024,3163,9,36.8
2024,3166,10,2113.0
2024,3179,3,365.6
2024,3180,3,2309.6
2024,3181,12,568.6
2024,3186,7,545.9
2024,3193,4,1154.5
2024,3195,4,1458.7
2024,3199,11,1291.1
2024,3211,8,0.0
2024,3221,3,1628.9
2024,3231,12,0.0
2024,3234,10,0.0
2024,3235,8,2482.7
2024,3238,4,1904.4
2024,3242,11,2121.2
2024,3243,9,0.0
2024,3245,4,411.5
2024,3257,12,1000.2
2024,3261,10,0.0
2024,3263,5,1284.3
2024,3266,10,202.1
2024,3267,9,222.1
2024,3268,11,3915.2
2024,3276,11,3127.2
2024,3277,12,1015.8
2024,3279,11,864.9
2024,3292,4,747.7
2024,3301,10,0.0
2024,3304,10,2200.0
2024,3313,4,4026.3
2024,3314,13,278.8
2024,3323,10,0.0
2024,3326,12,0.0
2024,3328,9,1059.9
2024,3333,12,0.0
2024,3339,8,2246.0
2024,3342,10,93.8
2024,3343,4,1420.8
2024,3349,7,409.4
2024,3350,10,552.7
2024,3355,8,1631.1
2024,3357,3,1047.7
2024,3376,10,0.0
2024,3390,10,0.0
2024,3393,12,348.2
2024,3394,6,2102.9
2024,3397,11,476.3
2024,3400,8,0.0
2024,3401,12,2813.0
2024,3404,11,635.0
2024,3414,4,1553.9
2024,3417,12,0.0
2024,3424,7,366.7
2024,3425,10,0.0
2024,3428,13,884.3
2024,3435,13,579.3
2024,3439,11,0.0
2024,3452,11,1001.4
2024,3453,8,1254.2
2024,3465,4,80.4
2025,1103,3,3285.3
2025,1104,3,1057.3
2025,1106,3,842.5
2025,1110,6,622.7
2025,1112,3,1960.7
2025,1116,5,2061.5
2025,1120,3,611.1
2025,1124,5,1773.2
2025,1136,3,842.9
2025,1140,4,571.1
2025,1155,4,1230.8
2025,1161,3,1578.3
2025,1163,4,841.4
2025,1166,3,1041.6
2025,1179,9,537.1
2025,1181,3,33.7
2025,1188,10,656.5
2025,1196,2,763.6
2025,1208,6,1323.8
2025,1211,7,1971.6
2025,1213,3,1793.3
2025,1219,9,988.4
2025,1222,3,900.7
2025,1228,4,326.1
2025,1235,5,480.9
2025,1242,5,2035.4
2025,1246,4,625.4
2025,1251,3,3663.7
2025,1252,9,770.8
2025,1257,3,112.8
2025,1266,4,539.1
2025,1268,3,3739.5
2025,1270,6,2335.9
2025,1272,2,2998.8
2025,1276,2,1799.3
2025,1277,3,267.0
2025,1279,4,974.3
2025,1280,5,965.6
2025,1281,4,458.4
2025,1285,6,1075.8
2025,1291,3,586.9
2025,1303,9,2035.2
2025,1307,4,2282.5
2025,1313,3,241.7
2025,1314,4,621.3
2025,1328,5,1700.4
2025,1332,4,399.5
2025,1345,4,1305.4
2025,1352,7,166.6
2025,1361,5,3040.2
2025,1384,7,479.8
2025,1385,3,236.6
2025,1388,7,3453.2
2025,1397,2,237.5
2025,1400,4,1620.3
2025,1401,5,1281.2
2025,1403,4,611.9
2025,1407,8,1260.3
2025,1417,4,3049.2
2025,1423,7,1783.3
2025,1429,4,2357.8
2025,1433,2,2395.9
2025,1435,6,738.5
2025,1458,2,1350.6
2025,1459,8,413.6
2025,1462,5,78.1
2025,1463,2,2700.0
2025,1471,3,1338.6
2025,3104,13,1149.4
2025,3117,9,1690.4
2025,3123,4,1428.3
2025,3124,10,0.0
2025,3143,12,534.6
2025,3162,4,691.8
2025,3163,9,0.0
2025,3166,9,1232.5
2025,3181,10,0.0
2025,3192,3,2252.9
2025,3193,4,1028.5
2025,3195,4,1761.6
2025,3199,12,661.9
2025,3206,10,1573.0
2025,3210,12,3109.9
2025,3213,4,1414.4
2025,3217,4,978.6
2025,3219,10,1765.6
2025,3228,13,1392.4
2025,3231,12,755.4
2025,3234,12,881.2
2025,3235,12,611.9
2025,3243,12,1055.9
2025,3246,12,0.0
2025,3250,3,598.7
2025,3251,4,476.1
2025,3257,12,1211.7
2025,3261,11,0.0
2025,3268,12,0.0
2025,3276,11,215.5
2025,3277,13,921.3
2025,3279,12,777.4
2025,3280,13,2752.9
2025,3286,7,2360.3
2025,3293,3,836.9
2025,3301,10,0.0
2025,3304,12,897.5
2025,3313,4,243.7
2025,3314,11,0.0
2025,3323,11,0.0
2025,3326,11,0.0
2025,3328,11,0.0
2025,3329,11,2227.4
2025,3332,13,3819.9
2025,3333,8,3823.8
2025,3343,5,982.1
2025,3350,11,3672.1
2025,3355,10,2005.9
2025,3361,7,2467.3
2025,3372,6,1347.0
2025,3376,10,0.0
2025,3378,7,1337.2
2025,3380,4,2568.0
2025,3395,10,0.0
2025,3397,13,452.2
2025,3399,11,471.9
2025,3400,10,0.0
2025,3417,10,0.0
2025,3422,10,3484.1
2025,3425,10,0.0
2025,3428,13,2811.6
2025,3435,12,707.5
2025,3436,5,1070.7
2025,3449,13,3760.9
2025,3452,11,420.8
2025,3453,8,1104.2
2025,3456,3,2088.6
2025,3471,4,162.5
